run_name,iteration,techno_dominante,sous_famille,type_modification,valeur_modifiee
Publique_ELECTRIQUE_constr_10,1,TRAMWAY_TROLLEY,electrique,constr,10.0
Publique_ELECTRIQUE_constr_10,6,TRAIN_PUB,electrique,constr,10.0
Publique_ELECTRIQUE_constr_20,7,TRAIN_PUB,electrique,constr,20.0
Publique_ELECTRIQUE_constr_40,0,TRAIN_PUB,electrique,constr,40.0
Publique_ELECTRIQUE_constr_50,1,TRAIN_PUB,electrique,constr,50.0
Publique_ELECTRIQUE_constr_60,2,TRAIN_PUB,electrique,constr,60.0
Publique_ELECTRIQUE_constr_70,3,TRAIN_PUB,electrique,constr,70.0
Publique_ELECTRIQUE_constr_80,4,TRAIN_PUB,electrique,constr,80.0
Publique_ELECTRIQUE_constr_90,5,TRAIN_PUB,electrique,constr,90.0
Publique_ELECTRIQUE_constr_100,6,TRAIN_PUB,electrique,constr,100.0
Publique_ELECTRIQUE_constr_110,7,TRAIN_PUB,electrique,constr,110.0
Publique_ELECTRIQUE_constr_120,8,TRAIN_PUB,electrique,constr,120.0
Publique_ELECTRIQUE_constr_130,9,TRAIN_PUB,electrique,constr,130.0
Publique_ELECTRIQUE_constr_150,0,TRAIN_PUB,electrique,constr,150.0
Publique_ELECTRIQUE_constr_160,1,TRAIN_PUB,electrique,constr,160.0
Publique_ELECTRIQUE_constr_170,2,TRAIN_PUB,electrique,constr,170.0
Publique_ELECTRIQUE_constr_180,4,TRAIN_PUB,electrique,constr,180.0
Publique_ELECTRIQUE_constr_190,5,TRAIN_PUB,electrique,constr,190.0
Publique_ELECTRIQUE_constr_200,6,TRAIN_PUB,electrique,constr,200.0
Publique_ELECTRIQUE_constr_210,7,TRAIN_PUB,electrique,constr,210.0
Publique_ELECTRIQUE_constr_220,8,TRAIN_PUB,electrique,constr,220.0
Publique_ELECTRIQUE_constr_230,9,TRAIN_PUB,electrique,constr,230.0
Publique_ELECTRIQUE_constr_240,10,TRAIN_PUB,electrique,constr,240.0
Publique_ELECTRIQUE_constr_250,11,TRAIN_PUB,electrique,constr,250.0
Publique_ELECTRIQUE_constr_260,12,TRAIN_PUB,electrique,constr,260.0
Publique_ELECTRIQUE_constr_280,0,TRAIN_PUB,electrique,constr,280.0
Publique_ELECTRIQUE_constr_280,1,TRAIN_PUB,electrique,constr,280.0
Publique_ELECTRIQUE_constr_280,2,TRAIN_PUB,electrique,constr,280.0
Publique_ELECTRIQUE_constr_280,3,TRAIN_PUB,electrique,constr,280.0
Publique_ELECTRIQUE_constr_280,4,TRAIN_PUB,electrique,constr,280.0
Publique_ELECTRIQUE_constr_280,5,TRAIN_PUB,electrique,constr,280.0
Publique_ELECTRIQUE_constr_280,6,TRAIN_PUB,electrique,constr,280.0
Publique_ELECTRIQUE_constr_280,7,TRAIN_PUB,electrique,constr,280.0
Publique_ELECTRIQUE_constr_280,8,TRAIN_PUB,electrique,constr,280.0
Publique_ELECTRIQUE_constr_280,9,TRAIN_PUB,electrique,constr,280.0
Publique_ELECTRIQUE_constr_280,10,TRAIN_PUB,electrique,constr,280.0
Publique_ELECTRIQUE_constr_280,11,TRAIN_PUB,electrique,constr,280.0
Publique_ELECTRIQUE_constr_280,12,TRAIN_PUB,electrique,constr,280.0
Publique_ELECTRIQUE_constr_280,13,TRAIN_PUB,electrique,constr,280.0
Publique_ELECTRIQUE_constr_280,14,TRAIN_PUB,electrique,constr,280.0
Publique_ELECTRIQUE_constr_280,15,TRAIN_PUB,electrique,constr,280.0
Publique_ELECTRIQUE_constr_280,16,TRAIN_PUB,electrique,constr,280.0
Publique_ELECTRIQUE_constr_280,17,TRAIN_PUB,electrique,constr,280.0
Publique_ELECTRIQUE_constr_280,18,TRAIN_PUB,electrique,constr,280.0
Publique_ELECTRIQUE_constr_280,19,TRAIN_PUB,electrique,constr,280.0
Publique_ELECTRIQUE_constr_280,20,TRAIN_PUB,electrique,constr,280.0
Publique_ELECTRIQUE_constr_280,21,TRAIN_PUB,electrique,constr,280.0
Publique_ELECTRIQUE_constr_280,22,TRAIN_PUB,electrique,constr,280.0
Publique_ELECTRIQUE_constr_280,23,TRAIN_PUB,electrique,constr,280.0
Publique_ELECTRIQUE_constr_280,24,TRAIN_PUB,electrique,constr,280.0
Publique_ELECTRIQUE_constr_280,25,TRAIN_PUB,electrique,constr,280.0
Publique_ELECTRIQUE_constr_280,26,TRAIN_PUB,electrique,constr,280.0
Publique_ELECTRIQUE_constr_280,27,TRAIN_PUB,electrique,constr,280.0
Publique_ELECTRIQUE_constr_280,28,TRAIN_PUB,electrique,constr,280.0
Publique_ELECTRIQUE_constr_280,0,TRAIN_PUB,electrique,constr,280.0
Publique_ELECTRIQUE_constr_290,1,TRAIN_PUB,electrique,constr,290.0
Publique_ELECTRIQUE_constr_300,2,TRAIN_PUB,electrique,constr,300.0
Publique_ELECTRIQUE_constr_310,3,TRAIN_PUB,electrique,constr,310.0
Publique_ELECTRIQUE_constr_320,4,TRAIN_PUB,electrique,constr,320.0
Publique_ELECTRIQUE_constr_330,5,TRAIN_PUB,electrique,constr,330.0
Publique_ELECTRIQUE_constr_340,6,TRAIN_PUB,electrique,constr,340.0
Publique_ELECTRIQUE_constr_350,8,TRAIN_PUB,electrique,constr,350.0
Publique_ELECTRIQUE_constr_360,9,TRAIN_PUB,electrique,constr,360.0
Publique_ELECTRIQUE_constr_370,10,TRAIN_PUB,electrique,constr,370.0
Publique_ELECTRIQUE_constr_380,11,TRAIN_PUB,electrique,constr,380.0
Publique_ELECTRIQUE_constr_390,12,TRAIN_PUB,electrique,constr,390.0
Publique_ELECTRIQUE_constr_400,13,TRAIN_PUB,electrique,constr,400.0
Publique_ELECTRIQUE_constr_410,14,TRAIN_PUB,electrique,constr,410.0
Publique_ELECTRIQUE_constr_420,15,TRAIN_PUB,electrique,constr,420.0
Publique_ELECTRIQUE_constr_430,16,TRAIN_PUB,electrique,constr,430.0
Publique_ELECTRIQUE_constr_440,17,TRAIN_PUB,electrique,constr,440.0
Publique_ELECTRIQUE_constr_450,18,TRAIN_PUB,electrique,constr,450.0
Publique_ELECTRIQUE_constr_460,19,TRAIN_PUB,electrique,constr,460.0
Publique_ELECTRIQUE_constr_470,20,TRAIN_PUB,electrique,constr,470.0
Publique_ELECTRIQUE_constr_480,21,TRAIN_PUB,electrique,constr,480.0
Publique_ELECTRIQUE_constr_490,22,TRAIN_PUB,electrique,constr,490.0
Publique_ELECTRIQUE_constr_500,24,TRAIN_PUB,electrique,constr,500.0
Publique_ELECTRIQUE_constr_510,25,TRAIN_PUB,electrique,constr,510.0
Publique_ELECTRIQUE_constr_520,26,TRAIN_PUB,electrique,constr,520.0
Publique_ELECTRIQUE_constr_530,27,TRAIN_PUB,electrique,constr,530.0
Publique_ELECTRIQUE_constr_540,29,TRAIN_PUB,electrique,constr,540.0
Publique_ELECTRIQUE_constr_550,30,TRAIN_PUB,electrique,constr,550.0
Publique_ELECTRIQUE_constr_560,31,TRAIN_PUB,electrique,constr,560.0
Publique_ELECTRIQUE_constr_570,32,TRAIN_PUB,electrique,constr,570.0
Publique_ELECTRIQUE_constr_580,33,TRAIN_PUB,electrique,constr,580.0
Publique_ELECTRIQUE_constr_590,34,TRAIN_PUB,electrique,constr,590.0
Publique_ELECTRIQUE_constr_600,35,TRAIN_PUB,electrique,constr,600.0
Publique_ELECTRIQUE_constr_610,36,TRAIN_PUB,electrique,constr,610.0
Publique_ELECTRIQUE_constr_620,37,TRAIN_PUB,electrique,constr,620.0
Publique_ELECTRIQUE_constr_630,38,TRAIN_PUB,electrique,constr,630.0
Publique_ELECTRIQUE_constr_640,39,TRAIN_PUB,electrique,constr,640.0
Publique_ELECTRIQUE_constr_650,40,TRAIN_PUB,electrique,constr,650.0
Publique_ELECTRIQUE_constr_660,41,TRAIN_PUB,electrique,constr,660.0
Publique_ELECTRIQUE_constr_670,42,TRAIN_PUB,electrique,constr,670.0
Publique_ELECTRIQUE_constr_680,43,TRAIN_PUB,electrique,constr,680.0
Publique_ELECTRIQUE_constr_690,44,TRAIN_PUB,electrique,constr,690.0
Publique_ELECTRIQUE_constr_700,45,TRAIN_PUB,electrique,constr,700.0
Publique_ELECTRIQUE_constr_710,46,TRAIN_PUB,electrique,constr,710.0
Publique_ELECTRIQUE_constr_720,47,TRAIN_PUB,electrique,constr,720.0
Publique_ELECTRIQUE_constr_730,48,TRAIN_PUB,electrique,constr,730.0
Publique_ELECTRIQUE_constr_740,49,TRAIN_PUB,electrique,constr,740.0
Publique_ELECTRIQUE_constr_750,50,TRAIN_PUB,electrique,constr,750.0
Publique_ELECTRIQUE_constr_760,51,TRAIN_PUB,electrique,constr,760.0
Publique_ELECTRIQUE_constr_770,52,TRAIN_PUB,electrique,constr,770.0
Publique_ELECTRIQUE_constr_780,53,TRAIN_PUB,electrique,constr,780.0
Publique_ELECTRIQUE_constr_790,54,TRAIN_PUB,electrique,constr,790.0
Publique_ELECTRIQUE_constr_800,55,TRAIN_PUB,electrique,constr,800.0
Publique_ELECTRIQUE_constr_810,56,TRAIN_PUB,electrique,constr,810.0
Publique_ELECTRIQUE_constr_820,57,TRAIN_PUB,electrique,constr,820.0
Publique_HYBRIDE_constr_10,58,BUS_COACH_HYDIESEL,hybride,constr,10.0
Publique_ELECTRIQUE_constr_830,59,TRAIN_PUB,electrique,constr,830.0
Publique_ELECTRIQUE_constr_840,60,TRAIN_PUB,electrique,constr,840.0
Publique_ELECTRIQUE_constr_850,61,TRAIN_PUB,electrique,constr,850.0
Publique_HYBRIDE_constr_20,62,BUS_COACH_HYDIESEL,hybride,constr,20.0
Publique_ELECTRIQUE_constr_860,63,TRAIN_PUB,electrique,constr,860.0
Publique_ELECTRIQUE_constr_870,64,TRAIN_PUB,electrique,constr,870.0
Publique_HYBRIDE_constr_30,65,BUS_COACH_HYDIESEL,hybride,constr,30.0
Publique_ELECTRIQUE_constr_880,66,TRAIN_PUB,electrique,constr,880.0
Publique_ELECTRIQUE_constr_890,67,TRAIN_PUB,electrique,constr,890.0
Publique_ELECTRIQUE_constr_900,68,TRAIN_PUB,electrique,constr,900.0
Publique_HYBRIDE_constr_40,69,BUS_COACH_HYDIESEL,hybride,constr,40.0
Publique_ELECTRIQUE_constr_910,70,TRAIN_PUB,electrique,constr,910.0
Publique_ELECTRIQUE_constr_920,71,TRAIN_PUB,electrique,constr,920.0
Publique_HYBRIDE_constr_50,72,BUS_COACH_HYDIESEL,hybride,constr,50.0
Publique_ELECTRIQUE_constr_930,73,TRAIN_PUB,electrique,constr,930.0
Publique_ELECTRIQUE_constr_940,74,TRAIN_PUB,electrique,constr,940.0
Publique_ELECTRIQUE_constr_950,75,TRAIN_PUB,electrique,constr,950.0
Publique_HYBRIDE_constr_60,76,BUS_COACH_HYDIESEL,hybride,constr,60.0
Publique_ELECTRIQUE_constr_960,77,TRAIN_PUB,electrique,constr,960.0
Publique_FUEL_CELL_constr_10,78,BUS_COACH_FC_HYBRIDH2,fuel_cell,constr,10.0
Publique_ELECTRIQUE_constr_970,79,TRAIN_PUB,electrique,constr,970.0
Publique_HYBRIDE_constr_70,80,BUS_COACH_HYDIESEL,hybride,constr,70.0
Publique_ELECTRIQUE_constr_980,81,TRAIN_PUB,electrique,constr,980.0
Publique_FUEL_CELL_constr_20,82,BUS_COACH_FC_HYBRIDH2,fuel_cell,constr,20.0
Publique_ELECTRIQUE_constr_990,83,TRAIN_PUB,electrique,constr,990.0
Publique_ELECTRIQUE_constr_1000,84,TRAIN_PUB,electrique,constr,1000.0
Publique_HYBRIDE_constr_80,85,BUS_COACH_HYDIESEL,hybride,constr,80.0
Publique_ELECTRIQUE_constr_1010,86,TRAIN_PUB,electrique,constr,1010.0
Publique_FUEL_CELL_constr_30,87,BUS_COACH_FC_HYBRIDH2,fuel_cell,constr,30.0
Publique_ELECTRIQUE_constr_1020,88,TRAIN_PUB,electrique,constr,1020.0
Publique_HYBRIDE_constr_90,89,BUS_COACH_HYDIESEL,hybride,constr,90.0
Publique_ELECTRIQUE_constr_1030,90,TRAIN_PUB,electrique,constr,1030.0
Publique_FUEL_CELL_constr_40,91,BUS_COACH_FC_HYBRIDH2,fuel_cell,constr,40.0
Publique_ELECTRIQUE_constr_1040,92,TRAIN_PUB,electrique,constr,1040.0
Publique_HYBRIDE_constr_100,93,BUS_COACH_HYDIESEL,hybride,constr,100.0
Publique_ELECTRIQUE_constr_1050,94,TRAIN_PUB,electrique,constr,1050.0
Publique_ELECTRIQUE_constr_1060,95,TRAIN_PUB,electrique,constr,1060.0
Publique_FUEL_CELL_constr_50,96,BUS_COACH_FC_HYBRIDH2,fuel_cell,constr,50.0
Publique_ELECTRIQUE_constr_1070,97,TRAIN_PUB,electrique,constr,1070.0
Publique_HYBRIDE_constr_110,98,BUS_COACH_HYDIESEL,hybride,constr,110.0
Publique_ELECTRIQUE_constr_1080,99,TRAIN_PUB,electrique,constr,1080.0
Publique_FUEL_CELL_constr_60,100,BUS_COACH_FC_HYBRIDH2,fuel_cell,constr,60.0
Publique_ELECTRIQUE_constr_1090,101,TRAIN_PUB,electrique,constr,1090.0
Publique_HYBRIDE_constr_120,102,BUS_COACH_HYDIESEL,hybride,constr,120.0
Publique_ELECTRIQUE_constr_1100,103,TRAIN_PUB,electrique,constr,1100.0
Publique_ELECTRIQUE_constr_1110,104,TRAIN_PUB,electrique,constr,1110.0
Publique_FUEL_CELL_constr_70,105,BUS_COACH_FC_HYBRIDH2,fuel_cell,constr,70.0
Publique_ELECTRIQUE_constr_1120,106,TRAIN_PUB,electrique,constr,1120.0
Publique_HYBRIDE_constr_130,107,BUS_COACH_HYDIESEL,hybride,constr,130.0
Publique_ELECTRIQUE_constr_1130,108,TRAIN_PUB,electrique,constr,1130.0
Publique_FUEL_CELL_constr_80,109,BUS_COACH_FC_HYBRIDH2,fuel_cell,constr,80.0
Publique_ELECTRIQUE_constr_1140,110,TRAIN_PUB,electrique,constr,1140.0
Publique_HYBRIDE_constr_140,111,BUS_COACH_HYDIESEL,hybride,constr,140.0
Publique_ELECTRIQUE_constr_1150,112,TRAIN_PUB,electrique,constr,1150.0
Publique_ELECTRIQUE_constr_1160,113,TRAIN_PUB,electrique,constr,1160.0
Publique_FUEL_CELL_constr_90,114,BUS_COACH_FC_HYBRIDH2,fuel_cell,constr,90.0
Publique_ELECTRIQUE_constr_1170,115,TRAIN_PUB,electrique,constr,1170.0
Publique_HYBRIDE_constr_150,116,BUS_COACH_HYDIESEL,hybride,constr,150.0
Publique_ELECTRIQUE_constr_1180,117,TRAIN_PUB,electrique,constr,1180.0
Publique_FUEL_CELL_constr_100,118,BUS_COACH_FC_HYBRIDH2,fuel_cell,constr,100.0
Publique_ELECTRIQUE_constr_1190,119,TRAIN_PUB,electrique,constr,1190.0
Publique_HYBRIDE_constr_160,120,BUS_COACH_HYDIESEL,hybride,constr,160.0
Publique_ELECTRIQUE_constr_1200,121,TRAIN_PUB,electrique,constr,1200.0
Publique_FUEL_CELL_constr_110,122,BUS_COACH_FC_HYBRIDH2,fuel_cell,constr,110.0
Publique_ELECTRIQUE_constr_1210,123,TRAIN_PUB,electrique,constr,1210.0
Publique_ELECTRIQUE_constr_1220,124,TRAIN_PUB,electrique,constr,1220.0
Publique_HYBRIDE_constr_170,125,BUS_COACH_HYDIESEL,hybride,constr,170.0
Publique_ELECTRIQUE_constr_1230,126,TRAIN_PUB,electrique,constr,1230.0
Publique_FUEL_CELL_constr_120,127,BUS_COACH_FC_HYBRIDH2,fuel_cell,constr,120.0
Publique_ELECTRIQUE_constr_1240,128,TRAIN_PUB,electrique,constr,1240.0
Publique_HYBRIDE_constr_180,129,BUS_COACH_HYDIESEL,hybride,constr,180.0
Publique_ELECTRIQUE_constr_1250,130,TRAIN_PUB,electrique,constr,1250.0
Publique_FUEL_CELL_constr_130,131,BUS_COACH_FC_HYBRIDH2,fuel_cell,constr,130.0
Publique_ELECTRIQUE_constr_1260,132,TRAIN_PUB,electrique,constr,1260.0
Publique_ELECTRIQUE_constr_1270,133,TRAIN_PUB,electrique,constr,1270.0
Publique_HYBRIDE_constr_190,134,BUS_COACH_HYDIESEL,hybride,constr,190.0
Publique_ELECTRIQUE_constr_1280,135,TRAIN_PUB,electrique,constr,1280.0
Publique_FUEL_CELL_constr_140,136,BUS_COACH_FC_HYBRIDH2,fuel_cell,constr,140.0
Publique_ELECTRIQUE_constr_1290,137,TRAIN_PUB,electrique,constr,1290.0
Publique_HYBRIDE_constr_200,138,BUS_COACH_HYDIESEL,hybride,constr,200.0
Publique_ELECTRIQUE_constr_1300,139,TRAIN_PUB,electrique,constr,1300.0
Publique_FUEL_CELL_constr_150,140,BUS_COACH_FC_HYBRIDH2,fuel_cell,constr,150.0
Publique_ELECTRIQUE_constr_1310,141,TRAIN_PUB,electrique,constr,1310.0
Publique_ELECTRIQUE_constr_1320,142,TRAIN_PUB,electrique,constr,1320.0
Publique_HYBRIDE_constr_210,143,BUS_COACH_HYDIESEL,hybride,constr,210.0
Publique_ELECTRIQUE_constr_1330,144,TRAIN_PUB,electrique,constr,1330.0
Publique_FUEL_CELL_constr_160,145,BUS_COACH_FC_HYBRIDH2,fuel_cell,constr,160.0
Publique_ELECTRIQUE_constr_1340,146,TRAIN_PUB,electrique,constr,1340.0
Publique_HYBRIDE_constr_220,147,BUS_COACH_HYDIESEL,hybride,constr,220.0
Publique_ELECTRIQUE_constr_1350,148,TRAIN_PUB,electrique,constr,1350.0
Publique_FUEL_CELL_constr_170,149,BUS_COACH_FC_HYBRIDH2,fuel_cell,constr,170.0
Publique_ELECTRIQUE_constr_1360,150,TRAIN_PUB,electrique,constr,1360.0
Publique_HYBRIDE_constr_230,0,BUS_COACH_HYDIESEL,hybride,constr,230.0
Publique_ELECTRIQUE_TRAIN_PUB_constr_1380,1,TRAIN_PUB,electrique,constr,1380.0
Publique_FUEL_CELL_constr_180,2,BUS_COACH_FC_HYBRIDH2,fuel_cell,constr,180.0
Publique_ELECTRIQUE_TRAIN_PUB_constr_1390,3,TRAIN_PUB,electrique,constr,1390.0
Publique_HYBRIDE_constr_240,4,BUS_COACH_HYDIESEL,hybride,constr,240.0
Publique_ELECTRIQUE_TRAIN_PUB_constr_1400,5,TRAIN_PUB,electrique,constr,1400.0
Publique_FUEL_CELL_constr_190,6,BUS_COACH_FC_HYBRIDH2,fuel_cell,constr,190.0
Publique_ELECTRIQUE_TRAIN_PUB_constr_1410,7,TRAIN_PUB,electrique,constr,1410.0
Publique_ELECTRIQUE_TRAIN_PUB_constr_1420,8,TRAIN_PUB,electrique,constr,1420.0
Publique_HYBRIDE_constr_250,9,BUS_COACH_HYDIESEL,hybride,constr,250.0
Publique_GAZ_constr_10,10,BUS_COACH_DIESEL,gaz,constr,10.0
Publique_ELECTRIQUE_TRAIN_PUB_constr_1430,11,TRAIN_PUB,electrique,constr,1430.0
Privee_FUEL_CELL_constr_10,0,CAR_FUEL_CELL,fuel_cell,constr,10.0
Privee_FUEL_CELL_constr_20,1,CAR_FUEL_CELL,fuel_cell,constr,20.0
Privee_FUEL_CELL_constr_30,2,CAR_FUEL_CELL,fuel_cell,constr,30.0
Privee_FUEL_CELL_constr_40,3,CAR_FUEL_CELL,fuel_cell,constr,40.0
Privee_FUEL_CELL_constr_50,4,CAR_FUEL_CELL,fuel_cell,constr,50.0
Privee_HYBRIDE_constr_10,5,CAR_HEV,hybride,constr,10.0
Privee_FUEL_CELL_constr_60,6,CAR_FUEL_CELL,fuel_cell,constr,60.0
Privee_HYBRIDE_constr_20,7,CAR_HEV,hybride,constr,20.0
Privee_FUEL_CELL_constr_70,8,CAR_FUEL_CELL,fuel_cell,constr,70.0
Privee_GAZ_constr_10,9,CAR_NG,gaz,constr,10.0
Privee_HYBRIDE_constr_30,10,CAR_HEV,hybride,constr,30.0
Privee_FUEL_CELL_constr_80,11,CAR_FUEL_CELL,fuel_cell,constr,80.0
Privee_GAZ_constr_20,12,CAR_NG,gaz,constr,20.0
Privee_HYBRIDE_constr_40,13,CAR_HEV,hybride,constr,40.0
Privee_FUEL_CELL_constr_90,14,CAR_FUEL_CELL,fuel_cell,constr,90.0
Privee_GAZ_constr_30,15,CAR_NG,gaz,constr,30.0
Privee_HYBRIDE_constr_50,16,CAR_HEV,hybride,constr,50.0
Privee_FUEL_CELL_constr_100,17,CAR_FUEL_CELL,fuel_cell,constr,100.0
Privee_GAZ_constr_40,18,CAR_NG,gaz,constr,40.0
Privee_HYBRIDE_constr_60,19,CAR_HEV,hybride,constr,60.0
Privee_FUEL_CELL_constr_110,20,CAR_FUEL_CELL,fuel_cell,constr,110.0
Privee_GAZ_constr_50,21,CAR_NG,gaz,constr,50.0
Privee_HYBRIDE_constr_70,22,CAR_HEV,hybride,constr,70.0
Privee_FUEL_CELL_constr_120,23,CAR_FUEL_CELL,fuel_cell,constr,120.0
Privee_GAZ_constr_60,24,CAR_NG,gaz,constr,60.0
Privee_HYBRIDE_constr_80,25,CAR_HEV,hybride,constr,80.0
Privee_GAZ_constr_70,0,CAR_NG,gaz,constr,70.0
Privee_HYBRIDE_constr_90,1,CAR_HEV,hybride,constr,90.0
Privee_FUEL_CELL_constr_140,2,CAR_FUEL_CELL,fuel_cell,constr,140.0
Privee_HYBRIDE_constr_100,0,CAR_HEV,hybride,constr,100.0
Privee_FUEL_CELL_constr_150,1,CAR_FUEL_CELL,fuel_cell,constr,150.0
Privee_GAZ_constr_90,2,CAR_NG,gaz,constr,90.0
Privee_HYBRIDE_constr_110,3,CAR_HEV,hybride,constr,110.0
Privee_FUEL_CELL_constr_160,4,CAR_FUEL_CELL,fuel_cell,constr,160.0
Privee_GAZ_constr_100,5,CAR_NG,gaz,constr,100.0
Privee_HYBRIDE_constr_120,6,CAR_HEV,hybride,constr,120.0
Privee_FUEL_CELL_constr_170,7,CAR_FUEL_CELL,fuel_cell,constr,170.0
Privee_GAZ_constr_110,8,CAR_NG,gaz,constr,110.0
Privee_HYBRIDE_constr_130,9,CAR_HEV,hybride,constr,130.0
Privee_FUEL_CELL_constr_180,10,CAR_FUEL_CELL,fuel_cell,constr,180.0
Privee_GAZ_constr_120,11,CAR_NG,gaz,constr,120.0
Privee_HYBRIDE_constr_140,12,CAR_HEV,hybride,constr,140.0
Privee_FUEL_CELL_constr_190,13,CAR_FUEL_CELL,fuel_cell,constr,190.0
Privee_GAZ_constr_130,14,CAR_NG,gaz,constr,130.0
Privee_HYBRIDE_constr_150,15,CAR_HEV,hybride,constr,150.0
Privee_FUEL_CELL_constr_200,16,CAR_FUEL_CELL,fuel_cell,constr,200.0
Privee_GAZ_constr_140,17,CAR_NG,gaz,constr,140.0
Privee_HYBRIDE_constr_160,18,CAR_HEV,hybride,constr,160.0
Privee_FUEL_CELL_constr_210,19,CAR_FUEL_CELL,fuel_cell,constr,210.0
Privee_GAZ_constr_150,20,CAR_NG,gaz,constr,150.0
Privee_HYBRIDE_constr_170,21,CAR_HEV,hybride,constr,170.0
Privee_FUEL_CELL_constr_220,22,CAR_FUEL_CELL,fuel_cell,constr,220.0
Privee_GAZ_constr_160,23,CAR_NG,gaz,constr,160.0
Privee_HYBRIDE_constr_180,24,CAR_HEV,hybride,constr,180.0
Privee_FUEL_CELL_constr_230,25,CAR_FUEL_CELL,fuel_cell,constr,230.0
Privee_GAZ_constr_170,26,CAR_NG,gaz,constr,170.0
Privee_HYBRIDE_constr_190,27,CAR_HEV,hybride,constr,190.0
Privee_FUEL_CELL_constr_240,28,CAR_FUEL_CELL,fuel_cell,constr,240.0
Privee_GAZ_constr_180,29,CAR_NG,gaz,constr,180.0
Privee_HYBRIDE_constr_200,30,CAR_HEV,hybride,constr,200.0
Privee_FUEL_CELL_constr_250,31,CAR_FUEL_CELL,fuel_cell,constr,250.0
Privee_GAZ_constr_190,32,CAR_NG,gaz,constr,190.0
Privee_HYBRIDE_constr_210,33,CAR_HEV,hybride,constr,210.0
Privee_FUEL_CELL_constr_260,34,CAR_FUEL_CELL,fuel_cell,constr,260.0
Privee_GAZ_constr_200,35,CAR_NG,gaz,constr,200.0
Privee_HYBRIDE_constr_220,36,CAR_HEV,hybride,constr,220.0
Privee_FUEL_CELL_constr_270,37,CAR_FUEL_CELL,fuel_cell,constr,270.0
Privee_GAZ_constr_210,38,CAR_NG,gaz,constr,210.0
Privee_HYBRIDE_constr_230,39,CAR_HEV,hybride,constr,230.0
Privee_FUEL_CELL_constr_280,40,CAR_FUEL_CELL,fuel_cell,constr,280.0
Privee_GAZ_constr_220,41,CAR_NG,gaz,constr,220.0
Privee_HYBRIDE_constr_240,42,CAR_HEV,hybride,constr,240.0
Privee_FUEL_CELL_constr_290,43,CAR_FUEL_CELL,fuel_cell,constr,290.0
Privee_GAZ_constr_230,44,CAR_NG,gaz,constr,230.0
Privee_HYBRIDE_constr_250,45,CAR_HEV,hybride,constr,250.0
Privee_FUEL_CELL_constr_300,46,CAR_FUEL_CELL,fuel_cell,constr,300.0
Privee_GAZ_constr_240,47,CAR_NG,gaz,constr,240.0
Privee_HYBRIDE_constr_260,48,CAR_HEV,hybride,constr,260.0
Privee_FUEL_CELL_constr_310,49,CAR_FUEL_CELL,fuel_cell,constr,310.0
Privee_GAZ_constr_250,50,CAR_NG,gaz,constr,250.0
Privee_HYBRIDE_constr_270,51,CAR_HEV,hybride,constr,270.0
Privee_FUEL_CELL_constr_320,52,CAR_FUEL_CELL,fuel_cell,constr,320.0
Privee_GAZ_constr_260,53,CAR_NG,gaz,constr,260.0
Privee_HYBRIDE_constr_280,54,CAR_HEV,hybride,constr,280.0
Privee_FUEL_CELL_constr_330,55,CAR_FUEL_CELL,fuel_cell,constr,330.0
Privee_GAZ_constr_270,56,CAR_NG,gaz,constr,270.0
Privee_HYBRIDE_constr_290,57,CAR_HEV,hybride,constr,290.0
Privee_FUEL_CELL_constr_340,58,CAR_FUEL_CELL,fuel_cell,constr,340.0
Privee_GAZ_constr_280,59,CAR_NG,gaz,constr,280.0
Privee_HYBRIDE_constr_300,60,CAR_HEV,hybride,constr,300.0
Privee_FUEL_CELL_constr_350,61,CAR_FUEL_CELL,fuel_cell,constr,350.0
Privee_GAZ_constr_290,62,CAR_NG,gaz,constr,290.0
Privee_HYBRIDE_constr_310,63,CAR_HEV,hybride,constr,310.0
Privee_FUEL_CELL_constr_360,64,CAR_FUEL_CELL,fuel_cell,constr,360.0
Privee_GAZ_constr_300,65,CAR_NG,gaz,constr,300.0
Privee_HYBRIDE_constr_320,66,CAR_HEV,hybride,constr,320.0
Privee_FUEL_CELL_constr_370,67,CAR_FUEL_CELL,fuel_cell,constr,370.0
Privee_GAZ_constr_310,68,CAR_NG,gaz,constr,310.0
Privee_HYBRIDE_constr_330,69,CAR_HEV,hybride,constr,330.0
Privee_FUEL_CELL_constr_380,0,CAR_FUEL_CELL,fuel_cell,constr,380.0
Privee_GAZ_constr_320,1,CAR_NG,gaz,constr,320.0
Privee_HYBRIDE_constr_340,2,CAR_HEV,hybride,constr,340.0
Privee_FUEL_CELL_constr_390,3,CAR_FUEL_CELL,fuel_cell,constr,390.0
Privee_GAZ_constr_330,4,CAR_NG,gaz,constr,330.0
Privee_HYBRIDE_constr_350,5,CAR_HEV,hybride,constr,350.0
Privee_FUEL_CELL_constr_400,6,CAR_FUEL_CELL,fuel_cell,constr,400.0
Privee_GAZ_constr_340,7,CAR_NG,gaz,constr,340.0
Privee_HYBRIDE_constr_360,8,CAR_HEV,hybride,constr,360.0
Privee_FUEL_CELL_constr_410,9,CAR_FUEL_CELL,fuel_cell,constr,410.0
Privee_GAZ_constr_350,10,CAR_NG,gaz,constr,350.0
Privee_HYBRIDE_constr_370,11,CAR_HEV,hybride,constr,370.0
Privee_FUEL_CELL_constr_420,12,CAR_FUEL_CELL,fuel_cell,constr,420.0
Privee_GAZ_constr_360,13,CAR_NG,gaz,constr,360.0
Privee_HYBRIDE_constr_380,14,CAR_HEV,hybride,constr,380.0
Privee_FUEL_CELL_constr_430,15,CAR_FUEL_CELL,fuel_cell,constr,430.0
Privee_GAZ_constr_370,16,CAR_NG,gaz,constr,370.0
Privee_HYBRIDE_constr_390,17,CAR_HEV,hybride,constr,390.0
Privee_FUEL_CELL_constr_440,18,CAR_FUEL_CELL,fuel_cell,constr,440.0
Privee_GAZ_constr_380,19,CAR_NG,gaz,constr,380.0
Privee_HYBRIDE_constr_400,20,CAR_HEV,hybride,constr,400.0
Privee_FUEL_CELL_constr_450,21,CAR_FUEL_CELL,fuel_cell,constr,450.0
Privee_GAZ_constr_390,22,CAR_NG,gaz,constr,390.0
Privee_HYBRIDE_constr_410,23,CAR_HEV,hybride,constr,410.0
Privee_FUEL_CELL_constr_460,24,CAR_FUEL_CELL,fuel_cell,constr,460.0
Privee_GAZ_constr_400,25,CAR_NG,gaz,constr,400.0
Privee_HYBRIDE_constr_420,26,CAR_HEV,hybride,constr,420.0
Privee_FUEL_CELL_constr_470,27,CAR_FUEL_CELL,fuel_cell,constr,470.0
Privee_GAZ_constr_410,28,CAR_NG,gaz,constr,410.0
Privee_HYBRIDE_constr_430,29,CAR_HEV,hybride,constr,430.0
Privee_FUEL_CELL_constr_480,30,CAR_FUEL_CELL,fuel_cell,constr,480.0
Privee_GAZ_constr_420,31,CAR_NG,gaz,constr,420.0
Privee_HYBRIDE_constr_440,32,CAR_HEV,hybride,constr,440.0
Privee_FUEL_CELL_constr_490,33,CAR_FUEL_CELL,fuel_cell,constr,490.0
Privee_GAZ_constr_430,34,CAR_NG,gaz,constr,430.0
Privee_HYBRIDE_constr_450,35,CAR_HEV,hybride,constr,450.0
Privee_FUEL_CELL_constr_500,36,CAR_FUEL_CELL,fuel_cell,constr,500.0
Privee_GAZ_constr_440,37,CAR_NG,gaz,constr,440.0
Privee_HYBRIDE_constr_460,38,CAR_HEV,hybride,constr,460.0
Privee_FUEL_CELL_constr_510,39,CAR_FUEL_CELL,fuel_cell,constr,510.0
Privee_GAZ_constr_450,40,CAR_NG,gaz,constr,450.0
Privee_HYBRIDE_constr_470,41,CAR_HEV,hybride,constr,470.0
Privee_FUEL_CELL_constr_520,42,CAR_FUEL_CELL,fuel_cell,constr,520.0
Privee_GAZ_constr_460,43,CAR_NG,gaz,constr,460.0
Privee_HYBRIDE_constr_480,44,CAR_HEV,hybride,constr,480.0
Privee_FUEL_CELL_constr_530,45,CAR_FUEL_CELL,fuel_cell,constr,530.0
Privee_GAZ_constr_470,46,CAR_NG,gaz,constr,470.0
Privee_HYBRIDE_constr_490,47,CAR_HEV,hybride,constr,490.0
Privee_FUEL_CELL_constr_540,48,CAR_FUEL_CELL,fuel_cell,constr,540.0
Privee_GAZ_constr_480,49,CAR_NG,gaz,constr,480.0
Privee_HYBRIDE_constr_500,50,CAR_HEV,hybride,constr,500.0
Privee_FUEL_CELL_constr_550,51,CAR_FUEL_CELL,fuel_cell,constr,550.0
Privee_GAZ_constr_490,52,CAR_NG,gaz,constr,490.0
Privee_HYBRIDE_constr_510,53,CAR_HEV,hybride,constr,510.0
Privee_FUEL_CELL_constr_560,54,CAR_FUEL_CELL,fuel_cell,constr,560.0
Privee_GAZ_constr_500,55,CAR_NG,gaz,constr,500.0
Privee_HYBRIDE_constr_520,56,CAR_HEV,hybride,constr,520.0
Privee_FUEL_CELL_constr_570,57,CAR_FUEL_CELL,fuel_cell,constr,570.0
Privee_GAZ_constr_510,58,CAR_NG,gaz,constr,510.0
Privee_HYBRIDE_constr_530,59,CAR_HEV,hybride,constr,530.0
Privee_FUEL_CELL_constr_580,60,CAR_FUEL_CELL,fuel_cell,constr,580.0
Privee_GAZ_constr_520,61,CAR_NG,gaz,constr,520.0
Privee_HYBRIDE_constr_540,62,CAR_HEV,hybride,constr,540.0
Privee_FUEL_CELL_constr_590,63,CAR_FUEL_CELL,fuel_cell,constr,590.0
Privee_GAZ_constr_530,64,CAR_NG,gaz,constr,530.0
Privee_HYBRIDE_constr_550,65,CAR_HEV,hybride,constr,550.0
Privee_FUEL_CELL_constr_600,66,CAR_FUEL_CELL,fuel_cell,constr,600.0
Privee_GAZ_constr_540,67,CAR_NG,gaz,constr,540.0
Privee_HYBRIDE_constr_560,68,CAR_HEV,hybride,constr,560.0
Privee_FUEL_CELL_constr_610,69,CAR_FUEL_CELL,fuel_cell,constr,610.0
Privee_GAZ_constr_550,70,CAR_NG,gaz,constr,550.0
Privee_HYBRIDE_constr_570,71,CAR_HEV,hybride,constr,570.0
Privee_ELECTRIQUE_constr_10,0,CAR_BEV,electrique,constr,10.0
Privee_FUEL_CELL_constr_620,1,CAR_FUEL_CELL,fuel_cell,constr,620.0
Privee_GAZ_constr_560,2,CAR_NG,gaz,constr,560.0
Privee_HYBRIDE_constr_580,3,CAR_HEV,hybride,constr,580.0
Privee_ELECTRIQUE_constr_20,4,CAR_BEV,electrique,constr,20.0
Privee_FUEL_CELL_constr_630,5,CAR_FUEL_CELL,fuel_cell,constr,630.0
Privee_GAZ_constr_570,6,CAR_NG,gaz,constr,570.0
Privee_HYBRIDE_constr_590,7,CAR_HEV,hybride,constr,590.0
Privee_ELECTRIQUE_constr_30,8,CAR_BEV,electrique,constr,30.0
Privee_FUEL_CELL_constr_640,9,CAR_FUEL_CELL,fuel_cell,constr,640.0
Privee_GAZ_constr_580,10,CAR_NG,gaz,constr,580.0
Privee_HYBRIDE_constr_600,11,CAR_HEV,hybride,constr,600.0
Privee_ELECTRIQUE_constr_40,12,CAR_BEV,electrique,constr,40.0
Privee_FUEL_CELL_constr_650,13,CAR_FUEL_CELL,fuel_cell,constr,650.0
Privee_GAZ_constr_590,14,CAR_NG,gaz,constr,590.0
Privee_HYBRIDE_constr_610,15,CAR_HEV,hybride,constr,610.0
Privee_ELECTRIQUE_constr_50,16,CAR_BEV,electrique,constr,50.0
Privee_FUEL_CELL_constr_660,17,CAR_FUEL_CELL,fuel_cell,constr,660.0
Privee_GAZ_constr_600,18,CAR_NG,gaz,constr,600.0
Privee_HYBRIDE_constr_620,19,CAR_HEV,hybride,constr,620.0
Privee_ELECTRIQUE_constr_60,20,CAR_BEV,electrique,constr,60.0
Privee_FUEL_CELL_constr_670,21,CAR_FUEL_CELL,fuel_cell,constr,670.0
Privee_GAZ_constr_610,22,CAR_NG,gaz,constr,610.0
Privee_HYBRIDE_constr_630,23,CAR_HEV,hybride,constr,630.0
Privee_ELECTRIQUE_constr_70,24,CAR_BEV,electrique,constr,70.0
Privee_FUEL_CELL_constr_680,25,CAR_FUEL_CELL,fuel_cell,constr,680.0
Privee_GAZ_constr_620,26,CAR_NG,gaz,constr,620.0
Privee_HYBRIDE_constr_640,27,CAR_HEV,hybride,constr,640.0
Privee_ELECTRIQUE_constr_80,28,CAR_BEV,electrique,constr,80.0
Privee_FUEL_CELL_constr_690,29,CAR_FUEL_CELL,fuel_cell,constr,690.0
Privee_GAZ_constr_630,30,CAR_NG,gaz,constr,630.0
Privee_HYBRIDE_constr_650,31,CAR_HEV,hybride,constr,650.0
Privee_ELECTRIQUE_constr_90,32,CAR_BEV,electrique,constr,90.0
Privee_FUEL_CELL_constr_700,33,CAR_FUEL_CELL,fuel_cell,constr,700.0
Privee_GAZ_constr_640,34,CAR_NG,gaz,constr,640.0
Privee_HYBRIDE_constr_660,35,CAR_HEV,hybride,constr,660.0
Privee_ELECTRIQUE_constr_100,36,CAR_BEV,electrique,constr,100.0
Privee_FUEL_CELL_constr_710,37,CAR_FUEL_CELL,fuel_cell,constr,710.0
Privee_GAZ_constr_650,38,CAR_NG,gaz,constr,650.0
Privee_HYBRIDE_constr_670,39,CAR_HEV,hybride,constr,670.0
Privee_ELECTRIQUE_constr_110,40,CAR_BEV,electrique,constr,110.0
Privee_FUEL_CELL_constr_720,41,CAR_FUEL_CELL,fuel_cell,constr,720.0
Privee_GAZ_constr_660,42,CAR_NG,gaz,constr,660.0
Privee_HYBRIDE_constr_680,43,CAR_HEV,hybride,constr,680.0
Privee_ELECTRIQUE_constr_120,44,CAR_BEV,electrique,constr,120.0
Privee_FUEL_CELL_constr_730,45,CAR_FUEL_CELL,fuel_cell,constr,730.0
Privee_GAZ_constr_670,46,CAR_NG,gaz,constr,670.0
Privee_HYBRIDE_constr_690,47,CAR_HEV,hybride,constr,690.0
Privee_ELECTRIQUE_constr_130,48,CAR_BEV,electrique,constr,130.0
Privee_FUEL_CELL_constr_740,49,CAR_FUEL_CELL,fuel_cell,constr,740.0
Privee_GAZ_constr_680,50,CAR_NG,gaz,constr,680.0
Privee_HYBRIDE_constr_700,51,CAR_HEV,hybride,constr,700.0
Privee_ELECTRIQUE_constr_140,52,CAR_BEV,electrique,constr,140.0
Privee_FUEL_CELL_constr_750,53,CAR_FUEL_CELL,fuel_cell,constr,750.0
Privee_GAZ_constr_690,54,CAR_NG,gaz,constr,690.0
Privee_HYBRIDE_constr_710,55,CAR_HEV,hybride,constr,710.0
Privee_ELECTRIQUE_constr_150,56,CAR_BEV,electrique,constr,150.0
Privee_FUEL_CELL_constr_760,57,CAR_FUEL_CELL,fuel_cell,constr,760.0
Privee_GAZ_constr_700,58,CAR_NG,gaz,constr,700.0
Privee_HYBRIDE_constr_720,59,CAR_HEV,hybride,constr,720.0
Privee_ELECTRIQUE_constr_160,60,CAR_BEV,electrique,constr,160.0
Privee_FUEL_CELL_constr_770,61,CAR_FUEL_CELL,fuel_cell,constr,770.0
Privee_GAZ_constr_710,62,CAR_NG,gaz,constr,710.0
Privee_HYBRIDE_constr_730,63,CAR_HEV,hybride,constr,730.0
Privee_ELECTRIQUE_constr_170,64,CAR_BEV,electrique,constr,170.0
Privee_FUEL_CELL_constr_780,65,CAR_FUEL_CELL,fuel_cell,constr,780.0
Privee_GAZ_constr_720,66,CAR_NG,gaz,constr,720.0
Privee_HYBRIDE_constr_740,67,CAR_HEV,hybride,constr,740.0
Privee_ELECTRIQUE_constr_180,68,CAR_BEV,electrique,constr,180.0
Privee_FUEL_CELL_constr_790,69,CAR_FUEL_CELL,fuel_cell,constr,790.0
Privee_GAZ_constr_730,70,CAR_NG,gaz,constr,730.0
Privee_HYBRIDE_constr_750,71,CAR_HEV,hybride,constr,750.0
Privee_ELECTRIQUE_constr_190,72,CAR_BEV,electrique,constr,190.0
Privee_FUEL_CELL_constr_800,73,CAR_FUEL_CELL,fuel_cell,constr,800.0
Privee_GAZ_constr_740,74,CAR_NG,gaz,constr,740.0
Privee_HYBRIDE_constr_760,75,CAR_HEV,hybride,constr,760.0
Privee_ELECTRIQUE_constr_200,76,CAR_BEV,electrique,constr,200.0
Privee_FUEL_CELL_constr_810,77,CAR_FUEL_CELL,fuel_cell,constr,810.0
Privee_GAZ_constr_750,78,CAR_NG,gaz,constr,750.0
Privee_HYBRIDE_constr_770,79,CAR_HEV,hybride,constr,770.0
Privee_ELECTRIQUE_constr_210,80,CAR_BEV,electrique,constr,210.0
Privee_FUEL_CELL_constr_820,81,CAR_FUEL_CELL,fuel_cell,constr,820.0
Privee_GAZ_constr_760,82,CAR_NG,gaz,constr,760.0
Privee_HYBRIDE_constr_780,83,CAR_HEV,hybride,constr,780.0
Privee_ELECTRIQUE_constr_220,84,CAR_BEV,electrique,constr,220.0
Privee_FUEL_CELL_constr_830,85,CAR_FUEL_CELL,fuel_cell,constr,830.0
Privee_GAZ_constr_770,86,CAR_NG,gaz,constr,770.0
Privee_HYBRIDE_constr_790,87,CAR_HEV,hybride,constr,790.0
Privee_ELECTRIQUE_constr_230,88,CAR_BEV,electrique,constr,230.0
Privee_FUEL_CELL_constr_840,89,CAR_FUEL_CELL,fuel_cell,constr,840.0
Privee_GAZ_constr_780,90,CAR_NG,gaz,constr,780.0
Privee_HYBRIDE_constr_800,91,CAR_HEV,hybride,constr,800.0
Privee_ELECTRIQUE_constr_240,92,CAR_BEV,electrique,constr,240.0
Privee_FUEL_CELL_constr_850,93,CAR_FUEL_CELL,fuel_cell,constr,850.0
Privee_GAZ_constr_790,94,CAR_NG,gaz,constr,790.0
Privee_HYBRIDE_constr_810,95,CAR_HEV,hybride,constr,810.0
Privee_ELECTRIQUE_constr_250,96,CAR_BEV,electrique,constr,250.0
Privee_FUEL_CELL_constr_860,97,CAR_FUEL_CELL,fuel_cell,constr,860.0
Privee_GAZ_constr_800,98,CAR_NG,gaz,constr,800.0
Privee_HYBRIDE_constr_820,99,CAR_HEV,hybride,constr,820.0
Privee_ELECTRIQUE_constr_260,100,CAR_BEV,electrique,constr,260.0
Privee_FUEL_CELL_constr_870,101,CAR_FUEL_CELL,fuel_cell,constr,870.0
Privee_GAZ_constr_810,102,CAR_NG,gaz,constr,810.0
Privee_HYBRIDE_constr_830,103,CAR_HEV,hybride,constr,830.0
Privee_ELECTRIQUE_constr_270,104,CAR_BEV,electrique,constr,270.0
Privee_FUEL_CELL_constr_880,105,CAR_FUEL_CELL,fuel_cell,constr,880.0
Privee_GAZ_constr_820,106,CAR_NG,gaz,constr,820.0
Privee_HYBRIDE_constr_840,107,CAR_HEV,hybride,constr,840.0
Privee_ELECTRIQUE_constr_280,108,CAR_BEV,electrique,constr,280.0
Privee_FUEL_CELL_constr_890,109,CAR_FUEL_CELL,fuel_cell,constr,890.0
Privee_GAZ_constr_830,110,CAR_NG,gaz,constr,830.0
Privee_HYBRIDE_constr_850,111,CAR_HEV,hybride,constr,850.0
Privee_ELECTRIQUE_constr_290,112,CAR_BEV,electrique,constr,290.0
Privee_FUEL_CELL_constr_900,113,CAR_FUEL_CELL,fuel_cell,constr,900.0
Privee_GAZ_constr_840,114,CAR_NG,gaz,constr,840.0
Privee_HYBRIDE_constr_860,115,CAR_HEV,hybride,constr,860.0
Privee_ELECTRIQUE_constr_300,116,CAR_BEV,electrique,constr,300.0
Privee_FUEL_CELL_constr_910,117,CAR_FUEL_CELL,fuel_cell,constr,910.0
Privee_HYBRIDE_constr_870,0,CAR_HEV,hybride,constr,870.0
Privee_ELECTRIQUE_constr_310,1,CAR_BEV,electrique,constr,310.0
Privee_FUEL_CELL_constr_920,2,CAR_FUEL_CELL,fuel_cell,constr,920.0
Privee_GAZ_constr_860,3,CAR_NG,gaz,constr,860.0
Privee_HYBRIDE_constr_880,4,CAR_HEV,hybride,constr,880.0
Privee_ELECTRIQUE_constr_320,5,CAR_BEV,electrique,constr,320.0
Privee_FUEL_CELL_constr_930,6,CAR_FUEL_CELL,fuel_cell,constr,930.0
Privee_GAZ_constr_870,7,CAR_NG,gaz,constr,870.0
Privee_HYBRIDE_constr_890,8,CAR_HEV,hybride,constr,890.0
Privee_ELECTRIQUE_constr_330,9,CAR_BEV,electrique,constr,330.0
Privee_FUEL_CELL_constr_940,10,CAR_FUEL_CELL,fuel_cell,constr,940.0
Privee_GAZ_constr_880,11,CAR_NG,gaz,constr,880.0
Privee_HYBRIDE_constr_900,12,CAR_HEV,hybride,constr,900.0
Privee_ELECTRIQUE_constr_340,13,CAR_BEV,electrique,constr,340.0
Privee_FUEL_CELL_constr_950,14,CAR_FUEL_CELL,fuel_cell,constr,950.0
Privee_GAZ_constr_890,15,CAR_NG,gaz,constr,890.0
Privee_HYBRIDE_constr_910,16,CAR_HEV,hybride,constr,910.0
Privee_ELECTRIQUE_constr_350,17,CAR_BEV,electrique,constr,350.0
Privee_FUEL_CELL_constr_960,18,CAR_FUEL_CELL,fuel_cell,constr,960.0
Privee_GAZ_constr_900,19,CAR_NG,gaz,constr,900.0
Privee_HYBRIDE_constr_920,20,CAR_HEV,hybride,constr,920.0
Privee_ELECTRIQUE_constr_360,21,CAR_BEV,electrique,constr,360.0
Privee_FUEL_CELL_constr_970,22,CAR_FUEL_CELL,fuel_cell,constr,970.0
Privee_GAZ_constr_910,23,CAR_NG,gaz,constr,910.0
Privee_HYBRIDE_constr_930,24,CAR_HEV,hybride,constr,930.0
Privee_ELECTRIQUE_constr_370,25,CAR_BEV,electrique,constr,370.0
Privee_FUEL_CELL_constr_980,26,CAR_FUEL_CELL,fuel_cell,constr,980.0
Privee_GAZ_constr_920,27,CAR_NG,gaz,constr,920.0
Privee_HYBRIDE_constr_940,28,CAR_HEV,hybride,constr,940.0
Privee_ELECTRIQUE_constr_380,29,CAR_BEV,electrique,constr,380.0
Privee_FUEL_CELL_constr_990,30,CAR_FUEL_CELL,fuel_cell,constr,990.0
Privee_GAZ_constr_930,31,CAR_NG,gaz,constr,930.0
Privee_HYBRIDE_constr_950,32,CAR_HEV,hybride,constr,950.0
Privee_ELECTRIQUE_constr_390,33,CAR_BEV,electrique,constr,390.0
Privee_FUEL_CELL_constr_1000,34,CAR_FUEL_CELL,fuel_cell,constr,1000.0
Privee_GAZ_constr_940,35,CAR_NG,gaz,constr,940.0
Privee_HYBRIDE_constr_960,36,CAR_HEV,hybride,constr,960.0
Privee_ELECTRIQUE_constr_400,37,CAR_BEV,electrique,constr,400.0
Privee_FUEL_CELL_constr_1010,38,CAR_FUEL_CELL,fuel_cell,constr,1010.0
Privee_GAZ_constr_950,39,CAR_NG,gaz,constr,950.0
Privee_HYBRIDE_constr_970,40,CAR_HEV,hybride,constr,970.0
Fret_ELECTRIQUE_constr_10,0,TRUCK_ELEC,electrique,constr,10.0
Fret_GAZ_constr_10,1,BOAT_FREIGHT_DIESEL,gaz,constr,10.0
Fret_ELECTRIQUE_constr_20,2,TRUCK_ELEC,electrique,constr,20.0
Fret_ELECTRIQUE_constr_30,3,TRUCK_ELEC,electrique,constr,30.0
Fret_ELECTRIQUE_constr_40,4,TRUCK_ELEC,electrique,constr,40.0
Fret_ELECTRIQUE_constr_50,5,TRUCK_ELEC,electrique,constr,50.0
Fret_ELECTRIQUE_constr_60,6,TRUCK_ELEC,electrique,constr,60.0
Fret_ELECTRIQUE_constr_70,7,TRUCK_ELEC,electrique,constr,70.0
Fret_FUEL_CELL_constr_10,0,TRUCK_FUEL_CELL,fuel_cell,constr,10.0
Fret_ELECTRIQUE_constr_80,1,TRUCK_ELEC,electrique,constr,80.0
Fret_FUEL_CELL_constr_20,2,TRUCK_FUEL_CELL,fuel_cell,constr,20.0
Fret_ELECTRIQUE_constr_90,3,TRUCK_ELEC,electrique,constr,90.0
Fret_FUEL_CELL_constr_30,4,TRUCK_FUEL_CELL,fuel_cell,constr,30.0
Fret_ELECTRIQUE_constr_100,5,TRUCK_ELEC,electrique,constr,100.0
Fret_FUEL_CELL_constr_40,6,TRUCK_FUEL_CELL,fuel_cell,constr,40.0
Fret_ELECTRIQUE_constr_110,7,TRUCK_ELEC,electrique,constr,110.0
Fret_FUEL_CELL_constr_50,8,TRUCK_FUEL_CELL,fuel_cell,constr,50.0
Fret_ELECTRIQUE_constr_120,9,TRUCK_ELEC,electrique,constr,120.0
Fret_FUEL_CELL_constr_60,10,TRUCK_FUEL_CELL,fuel_cell,constr,60.0
Fret_ELECTRIQUE_constr_130,11,TRUCK_ELEC,electrique,constr,130.0
Fret_FUEL_CELL_constr_70,12,TRUCK_FUEL_CELL,fuel_cell,constr,70.0
Fret_ELECTRIQUE_constr_140,13,TRUCK_ELEC,electrique,constr,140.0
Fret_FUEL_CELL_constr_80,14,TRUCK_FUEL_CELL,fuel_cell,constr,80.0
Fret_ELECTRIQUE_constr_150,15,TRUCK_ELEC,electrique,constr,150.0
Fret_FUEL_CELL_constr_90,16,TRUCK_FUEL_CELL,fuel_cell,constr,90.0
Fret_ELECTRIQUE_constr_160,17,TRUCK_ELEC,electrique,constr,160.0
Fret_FUEL_CELL_constr_100,18,TRUCK_FUEL_CELL,fuel_cell,constr,100.0
Fret_ELECTRIQUE_constr_170,19,TRUCK_ELEC,electrique,constr,170.0
Fret_FUEL_CELL_constr_110,20,TRUCK_FUEL_CELL,fuel_cell,constr,110.0
Fret_ELECTRIQUE_constr_180,21,TRUCK_ELEC,electrique,constr,180.0
Fret_FUEL_CELL_constr_120,22,TRUCK_FUEL_CELL,fuel_cell,constr,120.0
Fret_GAZ_constr_20,0,BOAT_FREIGHT_DIESEL,gaz,constr,20.0
Fret_ELECTRIQUE_constr_190,1,TRUCK_ELEC,electrique,constr,190.0
1_Fret_ELECTRIQUE_CAMION_constr_10,0,TRUCK_ELEC,electrique_camion,constr,10.0
1_Fret_ELECTRIQUE_CAMION_constr_20,1,TRUCK_ELEC,electrique_camion,constr,20.0
1_Fret_ELECTRIQUE_CAMION_constr_30,2,TRUCK_ELEC,electrique_camion,constr,30.0
1_Fret_ELECTRIQUE_CAMION_constr_40,3,TRUCK_ELEC,electrique_camion,constr,40.0
1_Fret_GAZ_BOAT_constr_10,4,BOAT_FREIGHT_DIESEL,gaz_boat,constr,10.0
1_Fret_ELECTRIQUE_CAMION_constr_50,5,TRUCK_ELEC,electrique_camion,constr,50.0
1_Fret_ELECTRIQUE_CAMION_constr_60,6,TRUCK_ELEC,electrique_camion,constr,60.0
1_Fret_FUEL_CELL_constr_10,7,TRUCK_FUEL_CELL,fuel_cell,constr,10.0
1_Fret_ELECTRIQUE_CAMION_constr_70,8,TRUCK_ELEC,electrique_camion,constr,70.0
1_Fret_ELECTRIQUE_CAMION_constr_80,9,TRUCK_ELEC,electrique_camion,constr,80.0
1_Fret_FUEL_CELL_constr_20,10,TRUCK_FUEL_CELL,fuel_cell,constr,20.0
1_Fret_ELECTRIQUE_CAMION_constr_90,11,TRUCK_ELEC,electrique_camion,constr,90.0
1_Fret_FUEL_CELL_constr_30,12,TRUCK_FUEL_CELL,fuel_cell,constr,30.0
1_Fret_ELECTRIQUE_CAMION_constr_100,13,TRUCK_ELEC,electrique_camion,constr,100.0
1_Fret_FUEL_CELL_constr_40,14,TRUCK_FUEL_CELL,fuel_cell,constr,40.0
1_Fret_ELECTRIQUE_CAMION_constr_110,15,TRUCK_ELEC,electrique_camion,constr,110.0
1_Fret_FUEL_CELL_constr_50,16,TRUCK_FUEL_CELL,fuel_cell,constr,50.0
1_Fret_ELECTRIQUE_CAMION_constr_120,17,TRUCK_ELEC,electrique_camion,constr,120.0
1_Fret_FUEL_CELL_constr_60,18,TRUCK_FUEL_CELL,fuel_cell,constr,60.0
1_Fret_ELECTRIQUE_CAMION_constr_130,19,TRUCK_ELEC,electrique_camion,constr,130.0
1_Fret_FUEL_CELL_constr_70,20,TRUCK_FUEL_CELL,fuel_cell,constr,70.0
1_Fret_ELECTRIQUE_CAMION_constr_140,21,TRUCK_ELEC,electrique_camion,constr,140.0
1_Fret_FUEL_CELL_constr_80,22,TRUCK_FUEL_CELL,fuel_cell,constr,80.0
1_Fret_ELECTRIQUE_CAMION_constr_150,23,TRUCK_ELEC,electrique_camion,constr,150.0
1_Fret_FUEL_CELL_constr_90,24,TRUCK_FUEL_CELL,fuel_cell,constr,90.0
1_Fret_ELECTRIQUE_CAMION_constr_160,25,TRUCK_ELEC,electrique_camion,constr,160.0
1_Fret_FUEL_CELL_constr_100,26,TRUCK_FUEL_CELL,fuel_cell,constr,100.0
1_Fret_ELECTRIQUE_CAMION_constr_170,27,TRUCK_ELEC,electrique_camion,constr,170.0
1_Fret_FUEL_CELL_constr_110,28,TRUCK_FUEL_CELL,fuel_cell,constr,110.0
1_Fret_GAZ_CAMION_constr_10,29,TRUCK_DIESEL,gaz_camion,constr,10.0
1_Fret_ELECTRIQUE_CAMION_constr_180,30,TRUCK_ELEC,electrique_camion,constr,180.0
1_Fret_FUEL_CELL_constr_120,31,TRUCK_FUEL_CELL,fuel_cell,constr,120.0
1_Fret_GAZ_BOAT_constr_20,32,BOAT_FREIGHT_DIESEL,gaz_boat,constr,20.0
1_Fret_GAZ_BOAT_constr_30,33,BOAT_FREIGHT_DIESEL,gaz_boat,constr,30.0
1_Fret_GAZ_BOAT_constr_40,34,BOAT_FREIGHT_DIESEL,gaz_boat,constr,40.0
1_Fret_GAZ_BOAT_constr_50,35,BOAT_FREIGHT_DIESEL,gaz_boat,constr,50.0
1_Fret_GAZ_BOAT_constr_60,36,BOAT_FREIGHT_DIESEL,gaz_boat,constr,60.0
1_Fret_GAZ_BOAT_constr_70,37,BOAT_FREIGHT_DIESEL,gaz_boat,constr,70.0
1_Fret_GAZ_BOAT_constr_80,38,BOAT_FREIGHT_DIESEL,gaz_boat,constr,80.0
1_Fret_GAZ_BOAT_constr_90,39,BOAT_FREIGHT_DIESEL,gaz_boat,constr,90.0
1_Fret_GAZ_BOAT_constr_100,40,BOAT_FREIGHT_DIESEL,gaz_boat,constr,100.0
1_Fret_GAZ_BOAT_constr_110,41,BOAT_FREIGHT_DIESEL,gaz_boat,constr,110.0
1_Fret_GAZ_BOAT_constr_120,42,BOAT_FREIGHT_DIESEL,gaz_boat,constr,120.0
1_Fret_GAZ_BOAT_constr_130,43,BOAT_FREIGHT_DIESEL,gaz_boat,constr,130.0
1_Fret_GAZ_BOAT_constr_140,44,BOAT_FREIGHT_DIESEL,gaz_boat,constr,140.0
1_Fret_GAZ_BOAT_constr_150,45,BOAT_FREIGHT_DIESEL,gaz_boat,constr,150.0
1_Fret_GAZ_BOAT_constr_160,46,BOAT_FREIGHT_DIESEL,gaz_boat,constr,160.0
1_Fret_GAZ_BOAT_constr_170,47,BOAT_FREIGHT_DIESEL,gaz_boat,constr,170.0
1_Fret_GAZ_BOAT_constr_180,48,BOAT_FREIGHT_DIESEL,gaz_boat,constr,180.0
1_Fret_GAZ_BOAT_constr_190,49,BOAT_FREIGHT_DIESEL,gaz_boat,constr,190.0
1_Fret_GAZ_BOAT_constr_200,50,BOAT_FREIGHT_DIESEL,gaz_boat,constr,200.0
1_Fret_GAZ_BOAT_constr_210,51,BOAT_FREIGHT_DIESEL,gaz_boat,constr,210.0
1_Fret_GAZ_BOAT_constr_220,52,BOAT_FREIGHT_DIESEL,gaz_boat,constr,220.0
1_Fret_GAZ_BOAT_constr_230,53,BOAT_FREIGHT_DIESEL,gaz_boat,constr,230.0
1_Fret_GAZ_BOAT_constr_240,54,BOAT_FREIGHT_DIESEL,gaz_boat,constr,240.0
1_Fret_GAZ_BOAT_constr_250,55,BOAT_FREIGHT_DIESEL,gaz_boat,constr,250.0
1_Fret_GAZ_BOAT_constr_260,56,BOAT_FREIGHT_DIESEL,gaz_boat,constr,260.0
1_Fret_GAZ_BOAT_constr_270,57,BOAT_FREIGHT_DIESEL,gaz_boat,constr,270.0
1_Fret_GAZ_BOAT_constr_280,58,BOAT_FREIGHT_DIESEL,gaz_boat,constr,280.0
1_Fret_GAZ_BOAT_constr_290,59,BOAT_FREIGHT_DIESEL,gaz_boat,constr,290.0
1_Fret_GAZ_BOAT_constr_300,60,BOAT_FREIGHT_DIESEL,gaz_boat,constr,300.0
1_Fret_GAZ_BOAT_constr_310,61,BOAT_FREIGHT_DIESEL,gaz_boat,constr,310.0
1_Fret_GAZ_BOAT_constr_320,62,BOAT_FREIGHT_DIESEL,gaz_boat,constr,320.0
1_Fret_GAZ_BOAT_constr_330,63,BOAT_FREIGHT_DIESEL,gaz_boat,constr,330.0
1_Fret_GAZ_BOAT_constr_340,64,BOAT_FREIGHT_DIESEL,gaz_boat,constr,340.0
1_Fret_GAZ_BOAT_constr_350,65,BOAT_FREIGHT_DIESEL,gaz_boat,constr,350.0
1_Fret_GAZ_BOAT_constr_360,66,BOAT_FREIGHT_DIESEL,gaz_boat,constr,360.0
1_Fret_GAZ_BOAT_constr_370,67,BOAT_FREIGHT_DIESEL,gaz_boat,constr,370.0
1_Fret_GAZ_BOAT_constr_380,68,BOAT_FREIGHT_DIESEL,gaz_boat,constr,380.0
1_Fret_GAZ_BOAT_constr_390,69,BOAT_FREIGHT_DIESEL,gaz_boat,constr,390.0
1_Fret_GAZ_BOAT_constr_400,70,BOAT_FREIGHT_DIESEL,gaz_boat,constr,400.0
1_Fret_GAZ_BOAT_constr_410,71,BOAT_FREIGHT_DIESEL,gaz_boat,constr,410.0
1_Fret_GAZ_BOAT_constr_420,72,BOAT_FREIGHT_DIESEL,gaz_boat,constr,420.0
1_Fret_GAZ_BOAT_constr_430,73,BOAT_FREIGHT_DIESEL,gaz_boat,constr,430.0
1_Fret_GAZ_BOAT_constr_440,74,BOAT_FREIGHT_DIESEL,gaz_boat,constr,440.0
1_Fret_GAZ_BOAT_constr_450,75,BOAT_FREIGHT_DIESEL,gaz_boat,constr,450.0
1_Fret_GAZ_BOAT_constr_460,76,BOAT_FREIGHT_DIESEL,gaz_boat,constr,460.0
1_Fret_GAZ_BOAT_constr_470,77,BOAT_FREIGHT_DIESEL,gaz_boat,constr,470.0
1_Fret_GAZ_BOAT_constr_480,78,BOAT_FREIGHT_DIESEL,gaz_boat,constr,480.0
1_Fret_GAZ_BOAT_constr_490,79,BOAT_FREIGHT_DIESEL,gaz_boat,constr,490.0
1_Fret_GAZ_BOAT_constr_500,80,BOAT_FREIGHT_DIESEL,gaz_boat,constr,500.0
1_Fret_GAZ_BOAT_constr_510,81,BOAT_FREIGHT_DIESEL,gaz_boat,constr,510.0
1_Fret_GAZ_BOAT_constr_520,82,BOAT_FREIGHT_DIESEL,gaz_boat,constr,520.0
1_Fret_GAZ_BOAT_constr_530,83,BOAT_FREIGHT_DIESEL,gaz_boat,constr,530.0
1_Fret_GAZ_BOAT_constr_540,84,BOAT_FREIGHT_DIESEL,gaz_boat,constr,540.0
1_Fret_GAZ_BOAT_constr_550,85,BOAT_FREIGHT_DIESEL,gaz_boat,constr,550.0
1_Fret_GAZ_BOAT_constr_560,86,BOAT_FREIGHT_DIESEL,gaz_boat,constr,560.0
1_Fret_GAZ_BOAT_constr_570,87,BOAT_FREIGHT_DIESEL,gaz_boat,constr,570.0
1_Fret_GAZ_BOAT_constr_580,88,BOAT_FREIGHT_DIESEL,gaz_boat,constr,580.0
1_Fret_GAZ_BOAT_constr_590,89,BOAT_FREIGHT_DIESEL,gaz_boat,constr,590.0
1_Fret_GAZ_BOAT_constr_600,90,BOAT_FREIGHT_DIESEL,gaz_boat,constr,600.0
1_Fret_GAZ_BOAT_constr_610,91,BOAT_FREIGHT_DIESEL,gaz_boat,constr,610.0
1_Fret_GAZ_BOAT_constr_620,92,BOAT_FREIGHT_DIESEL,gaz_boat,constr,620.0
1_Fret_GAZ_BOAT_constr_630,93,BOAT_FREIGHT_DIESEL,gaz_boat,constr,630.0
1_Fret_GAZ_BOAT_constr_640,94,BOAT_FREIGHT_DIESEL,gaz_boat,constr,640.0
1_Fret_GAZ_BOAT_constr_650,95,BOAT_FREIGHT_DIESEL,gaz_boat,constr,650.0
1_Fret_GAZ_BOAT_constr_660,96,BOAT_FREIGHT_DIESEL,gaz_boat,constr,660.0
1_Fret_GAZ_BOAT_constr_670,97,BOAT_FREIGHT_DIESEL,gaz_boat,constr,670.0
1_Fret_GAZ_BOAT_constr_680,98,BOAT_FREIGHT_DIESEL,gaz_boat,constr,680.0
1_Fret_GAZ_BOAT_constr_690,99,BOAT_FREIGHT_DIESEL,gaz_boat,constr,690.0
1_Fret_GAZ_BOAT_constr_700,100,BOAT_FREIGHT_DIESEL,gaz_boat,constr,700.0
1_Fret_GAZ_BOAT_constr_710,101,BOAT_FREIGHT_DIESEL,gaz_boat,constr,710.0
1_Fret_GAZ_BOAT_constr_720,102,BOAT_FREIGHT_DIESEL,gaz_boat,constr,720.0
1_Fret_GAZ_BOAT_constr_730,103,BOAT_FREIGHT_DIESEL,gaz_boat,constr,730.0
1_Fret_GAZ_BOAT_constr_740,104,BOAT_FREIGHT_DIESEL,gaz_boat,constr,740.0
1_Fret_GAZ_BOAT_constr_750,105,BOAT_FREIGHT_DIESEL,gaz_boat,constr,750.0
1_Fret_GAZ_BOAT_constr_760,106,BOAT_FREIGHT_DIESEL,gaz_boat,constr,760.0
1_Fret_GAZ_BOAT_constr_770,107,BOAT_FREIGHT_DIESEL,gaz_boat,constr,770.0
1_Fret_GAZ_BOAT_constr_780,108,BOAT_FREIGHT_DIESEL,gaz_boat,constr,780.0
1_Fret_GAZ_BOAT_constr_790,109,BOAT_FREIGHT_DIESEL,gaz_boat,constr,790.0
1_Fret_GAZ_BOAT_constr_800,110,BOAT_FREIGHT_DIESEL,gaz_boat,constr,800.0
1_Fret_GAZ_BOAT_constr_810,111,BOAT_FREIGHT_DIESEL,gaz_boat,constr,810.0
1_Fret_GAZ_BOAT_constr_820,112,BOAT_FREIGHT_DIESEL,gaz_boat,constr,820.0
1_Fret_GAZ_BOAT_constr_830,113,BOAT_FREIGHT_DIESEL,gaz_boat,constr,830.0
1_Fret_GAZ_BOAT_constr_840,114,BOAT_FREIGHT_DIESEL,gaz_boat,constr,840.0
1_Fret_GAZ_BOAT_constr_850,115,BOAT_FREIGHT_DIESEL,gaz_boat,constr,850.0
1_Fret_GAZ_BOAT_constr_860,116,BOAT_FREIGHT_DIESEL,gaz_boat,constr,860.0
1_Fret_GAZ_BOAT_constr_870,117,BOAT_FREIGHT_DIESEL,gaz_boat,constr,870.0
1_Fret_GAZ_BOAT_constr_880,118,BOAT_FREIGHT_DIESEL,gaz_boat,constr,880.0
1_Fret_GAZ_BOAT_constr_890,119,BOAT_FREIGHT_DIESEL,gaz_boat,constr,890.0
1_Fret_GAZ_BOAT_constr_900,120,BOAT_FREIGHT_DIESEL,gaz_boat,constr,900.0
1_Fret_GAZ_BOAT_constr_910,121,BOAT_FREIGHT_DIESEL,gaz_boat,constr,910.0
1_Fret_GAZ_BOAT_constr_920,122,BOAT_FREIGHT_DIESEL,gaz_boat,constr,920.0
1_Fret_GAZ_BOAT_constr_930,123,BOAT_FREIGHT_DIESEL,gaz_boat,constr,930.0
1_Fret_GAZ_BOAT_constr_940,124,BOAT_FREIGHT_DIESEL,gaz_boat,constr,940.0
1_Fret_GAZ_BOAT_constr_950,125,BOAT_FREIGHT_DIESEL,gaz_boat,constr,950.0
1_Fret_GAZ_BOAT_constr_960,126,BOAT_FREIGHT_DIESEL,gaz_boat,constr,960.0
1_Fret_GAZ_BOAT_constr_970,127,BOAT_FREIGHT_DIESEL,gaz_boat,constr,970.0
1_Fret_GAZ_BOAT_constr_980,128,BOAT_FREIGHT_DIESEL,gaz_boat,constr,980.0
1_Fret_GAZ_BOAT_constr_990,129,BOAT_FREIGHT_DIESEL,gaz_boat,constr,990.0
1_Fret_GAZ_BOAT_constr_1000,130,BOAT_FREIGHT_DIESEL,gaz_boat,constr,1000.0
1_Fret_GAZ_BOAT_constr_1010,131,BOAT_FREIGHT_DIESEL,gaz_boat,constr,1010.0
1_Fret_GAZ_BOAT_constr_1020,132,BOAT_FREIGHT_DIESEL,gaz_boat,constr,1020.0
1_Fret_GAZ_BOAT_constr_1030,133,BOAT_FREIGHT_DIESEL,gaz_boat,constr,1030.0
1_Fret_GAZ_BOAT_constr_1040,134,BOAT_FREIGHT_DIESEL,gaz_boat,constr,1040.0
1_Fret_GAZ_BOAT_constr_1050,135,BOAT_FREIGHT_DIESEL,gaz_boat,constr,1050.0
1_Fret_GAZ_BOAT_constr_1060,136,BOAT_FREIGHT_DIESEL,gaz_boat,constr,1060.0
1_Fret_GAZ_BOAT_constr_1070,137,BOAT_FREIGHT_DIESEL,gaz_boat,constr,1070.0
1_Fret_GAZ_BOAT_constr_1080,138,BOAT_FREIGHT_DIESEL,gaz_boat,constr,1080.0
1_Fret_GAZ_BOAT_constr_1090,139,BOAT_FREIGHT_DIESEL,gaz_boat,constr,1090.0
1_Fret_GAZ_BOAT_constr_1100,140,BOAT_FREIGHT_DIESEL,gaz_boat,constr,1100.0
1_Fret_GAZ_BOAT_constr_1110,141,BOAT_FREIGHT_DIESEL,gaz_boat,constr,1110.0
1_Fret_GAZ_BOAT_constr_1120,142,BOAT_FREIGHT_DIESEL,gaz_boat,constr,1120.0
1_Fret_GAZ_BOAT_constr_1130,143,BOAT_FREIGHT_DIESEL,gaz_boat,constr,1130.0
1_Fret_GAZ_BOAT_constr_1140,144,BOAT_FREIGHT_DIESEL,gaz_boat,constr,1140.0
1_Fret_GAZ_BOAT_constr_1150,145,BOAT_FREIGHT_DIESEL,gaz_boat,constr,1150.0
1_Fret_GAZ_BOAT_constr_1160,146,BOAT_FREIGHT_DIESEL,gaz_boat,constr,1160.0
1_Fret_GAZ_BOAT_constr_1170,147,BOAT_FREIGHT_DIESEL,gaz_boat,constr,1170.0
1_Fret_GAZ_BOAT_constr_1180,148,BOAT_FREIGHT_DIESEL,gaz_boat,constr,1180.0
1_Fret_GAZ_BOAT_constr_1190,149,BOAT_FREIGHT_DIESEL,gaz_boat,constr,1190.0
1_Fret_GAZ_BOAT_constr_1200,150,BOAT_FREIGHT_DIESEL,gaz_boat,constr,1200.0
1_Fret_GAZ_BOAT_constr_1210,151,BOAT_FREIGHT_DIESEL,gaz_boat,constr,1210.0
1_Fret_GAZ_BOAT_constr_1220,152,BOAT_FREIGHT_DIESEL,gaz_boat,constr,1220.0
1_Fret_GAZ_BOAT_constr_1230,153,BOAT_FREIGHT_DIESEL,gaz_boat,constr,1230.0
1_Fret_GAZ_BOAT_constr_1240,154,BOAT_FREIGHT_DIESEL,gaz_boat,constr,1240.0
1_Fret_GAZ_BOAT_constr_1250,155,BOAT_FREIGHT_DIESEL,gaz_boat,constr,1250.0
1_Fret_GAZ_BOAT_constr_1260,156,BOAT_FREIGHT_DIESEL,gaz_boat,constr,1260.0
1_Fret_GAZ_BOAT_constr_1270,157,BOAT_FREIGHT_DIESEL,gaz_boat,constr,1270.0
1_Fret_GAZ_BOAT_constr_1280,158,BOAT_FREIGHT_DIESEL,gaz_boat,constr,1280.0
1_Fret_GAZ_BOAT_constr_1290,159,BOAT_FREIGHT_DIESEL,gaz_boat,constr,1290.0
1_Fret_GAZ_BOAT_constr_1300,160,BOAT_FREIGHT_DIESEL,gaz_boat,constr,1300.0
1_Fret_GAZ_BOAT_constr_1310,161,BOAT_FREIGHT_DIESEL,gaz_boat,constr,1310.0
1_Fret_GAZ_BOAT_constr_1320,162,BOAT_FREIGHT_DIESEL,gaz_boat,constr,1320.0
1_Fret_GAZ_BOAT_constr_1330,163,BOAT_FREIGHT_DIESEL,gaz_boat,constr,1330.0
1_Fret_GAZ_BOAT_constr_1340,164,BOAT_FREIGHT_DIESEL,gaz_boat,constr,1340.0
1_Fret_GAZ_BOAT_constr_1350,165,BOAT_FREIGHT_DIESEL,gaz_boat,constr,1350.0
1_Fret_GAZ_BOAT_constr_1360,166,BOAT_FREIGHT_DIESEL,gaz_boat,constr,1360.0
1_Fret_GAZ_BOAT_constr_1370,167,BOAT_FREIGHT_DIESEL,gaz_boat,constr,1370.0
1_Fret_GAZ_BOAT_constr_1380,168,BOAT_FREIGHT_DIESEL,gaz_boat,constr,1380.0
1_Fret_GAZ_CAMION_constr_20,169,TRUCK_DIESEL,gaz_camion,constr,20.0
1_Fret_ELECTRIQUE_CAMION_constr_190,170,TRUCK_ELEC,electrique_camion,constr,190.0
1_Fret_FUEL_CELL_constr_130,171,TRUCK_FUEL_CELL,fuel_cell,constr,130.0
1_Fret_GAZ_BOAT_constr_1390,172,BOAT_FREIGHT_DIESEL,gaz_boat,constr,1390.0
1_Fret_GAZ_BOAT_constr_1400,173,BOAT_FREIGHT_DIESEL,gaz_boat,constr,1400.0
1_Fret_GAZ_BOAT_constr_1410,174,BOAT_FREIGHT_DIESEL,gaz_boat,constr,1410.0
1_Fret_GAZ_CAMION_constr_30,175,TRUCK_DIESEL,gaz_camion,constr,30.0
1_Fret_ELECTRIQUE_CAMION_constr_200,176,TRUCK_ELEC,electrique_camion,constr,200.0
1_Fret_FUEL_CELL_constr_140,177,TRUCK_FUEL_CELL,fuel_cell,constr,140.0
1_Fret_GAZ_BOAT_constr_1420,178,BOAT_FREIGHT_DIESEL,gaz_boat,constr,1420.0
1_Fret_GAZ_BOAT_constr_1430,179,BOAT_FREIGHT_DIESEL,gaz_boat,constr,1430.0
1_Fret_GAZ_BOAT_constr_1440,180,BOAT_FREIGHT_DIESEL,gaz_boat,constr,1440.0
1_Fret_GAZ_CAMION_constr_40,181,TRUCK_DIESEL,gaz_camion,constr,40.0
1_Fret_ELECTRIQUE_CAMION_constr_210,182,TRUCK_ELEC,electrique_camion,constr,210.0
1_Fret_FUEL_CELL_constr_150,183,TRUCK_FUEL_CELL,fuel_cell,constr,150.0
1_Fret_GAZ_BOAT_constr_1450,184,BOAT_FREIGHT_DIESEL,gaz_boat,constr,1450.0
1_Fret_GAZ_BOAT_constr_1460,185,BOAT_FREIGHT_DIESEL,gaz_boat,constr,1460.0
1_Fret_GAZ_BOAT_constr_1470,186,BOAT_FREIGHT_DIESEL,gaz_boat,constr,1470.0
1_Fret_GAZ_BOAT_constr_1480,187,BOAT_FREIGHT_DIESEL,gaz_boat,constr,1480.0
1_Fret_GAZ_CAMION_constr_50,188,TRUCK_DIESEL,gaz_camion,constr,50.0
1_Fret_ELECTRIQUE_CAMION_constr_220,189,TRUCK_ELEC,electrique_camion,constr,220.0
1_Fret_FUEL_CELL_constr_160,190,TRUCK_FUEL_CELL,fuel_cell,constr,160.0
1_Fret_GAZ_BOAT_constr_1490,191,BOAT_FREIGHT_DIESEL,gaz_boat,constr,1490.0
1_Fret_GAZ_BOAT_constr_1500,192,BOAT_FREIGHT_DIESEL,gaz_boat,constr,1500.0
1_Fret_GAZ_BOAT_constr_1510,193,BOAT_FREIGHT_DIESEL,gaz_boat,constr,1510.0
1_Fret_GAZ_CAMION_constr_60,194,TRUCK_DIESEL,gaz_camion,constr,60.0
1_Fret_ELECTRIQUE_CAMION_constr_230,195,TRUCK_ELEC,electrique_camion,constr,230.0
1_Fret_FUEL_CELL_constr_170,196,TRUCK_FUEL_CELL,fuel_cell,constr,170.0
1_Fret_GAZ_BOAT_constr_1520,197,BOAT_FREIGHT_DIESEL,gaz_boat,constr,1520.0
1_Fret_GAZ_BOAT_constr_1530,198,BOAT_FREIGHT_DIESEL,gaz_boat,constr,1530.0
1_Fret_GAZ_BOAT_constr_1540,199,BOAT_FREIGHT_DIESEL,gaz_boat,constr,1540.0
1_Fret_GAZ_CAMION_constr_70,200,TRUCK_DIESEL,gaz_camion,constr,70.0
1_Fret_ELECTRIQUE_CAMION_constr_240,201,TRUCK_ELEC,electrique_camion,constr,240.0
1_Fret_FUEL_CELL_constr_180,202,TRUCK_FUEL_CELL,fuel_cell,constr,180.0
1_Fret_GAZ_BOAT_constr_1550,203,BOAT_FREIGHT_DIESEL,gaz_boat,constr,1550.0
1_Fret_GAZ_BOAT_constr_1560,204,BOAT_FREIGHT_DIESEL,gaz_boat,constr,1560.0
1_Fret_GAZ_BOAT_constr_1570,205,BOAT_FREIGHT_DIESEL,gaz_boat,constr,1570.0
1_Fret_GAZ_BOAT_constr_1580,206,BOAT_FREIGHT_DIESEL,gaz_boat,constr,1580.0
1_Fret_GAZ_CAMION_constr_80,207,TRUCK_DIESEL,gaz_camion,constr,80.0
1_Fret_ELECTRIQUE_CAMION_constr_250,208,TRUCK_ELEC,electrique_camion,constr,250.0
1_Fret_FUEL_CELL_constr_190,209,TRUCK_FUEL_CELL,fuel_cell,constr,190.0
1_Fret_GAZ_BOAT_constr_1590,210,BOAT_FREIGHT_DIESEL,gaz_boat,constr,1590.0
1_Fret_GAZ_BOAT_constr_1600,211,BOAT_FREIGHT_DIESEL,gaz_boat,constr,1600.0
1_Fret_GAZ_BOAT_constr_1610,212,BOAT_FREIGHT_DIESEL,gaz_boat,constr,1610.0
1_Fret_GAZ_CAMION_constr_90,213,TRUCK_DIESEL,gaz_camion,constr,90.0
1_Fret_ELECTRIQUE_CAMION_constr_260,214,TRUCK_ELEC,electrique_camion,constr,260.0
1_Fret_FUEL_CELL_constr_200,215,TRUCK_FUEL_CELL,fuel_cell,constr,200.0
1_Fret_GAZ_BOAT_constr_1620,216,BOAT_FREIGHT_DIESEL,gaz_boat,constr,1620.0
1_Fret_GAZ_BOAT_constr_1630,217,BOAT_FREIGHT_DIESEL,gaz_boat,constr,1630.0
1_Fret_GAZ_BOAT_constr_1640,218,BOAT_FREIGHT_DIESEL,gaz_boat,constr,1640.0
1_Fret_GAZ_CAMION_constr_100,219,TRUCK_DIESEL,gaz_camion,constr,100.0
1_Fret_ELECTRIQUE_CAMION_constr_270,220,TRUCK_ELEC,electrique_camion,constr,270.0
1_Fret_FUEL_CELL_constr_210,221,TRUCK_FUEL_CELL,fuel_cell,constr,210.0
1_Fret_GAZ_BOAT_constr_1650,222,BOAT_FREIGHT_DIESEL,gaz_boat,constr,1650.0
1_Fret_GAZ_BOAT_constr_1660,223,BOAT_FREIGHT_DIESEL,gaz_boat,constr,1660.0
1_Fret_GAZ_BOAT_constr_1670,224,BOAT_FREIGHT_DIESEL,gaz_boat,constr,1670.0
1_Fret_GAZ_BOAT_constr_1680,225,BOAT_FREIGHT_DIESEL,gaz_boat,constr,1680.0
1_Fret_GAZ_CAMION_constr_110,226,TRUCK_DIESEL,gaz_camion,constr,110.0
1_Fret_FUEL_CELL_constr_220,227,TRUCK_FUEL_CELL,fuel_cell,constr,220.0
1_Fret_ELECTRIQUE_CAMION_constr_280,228,TRUCK_ELEC,electrique_camion,constr,280.0
1_Fret_GAZ_BOAT_constr_1690,229,BOAT_FREIGHT_DIESEL,gaz_boat,constr,1690.0
1_Fret_GAZ_BOAT_constr_1700,230,BOAT_FREIGHT_DIESEL,gaz_boat,constr,1700.0
1_Fret_GAZ_BOAT_constr_1710,231,BOAT_FREIGHT_DIESEL,gaz_boat,constr,1710.0
1_Fret_GAZ_CAMION_constr_120,232,TRUCK_DIESEL,gaz_camion,constr,120.0
1_Fret_ELECTRIQUE_CAMION_constr_290,233,TRUCK_ELEC,electrique_camion,constr,290.0
1_Fret_FUEL_CELL_constr_230,234,TRUCK_FUEL_CELL,fuel_cell,constr,230.0
1_Fret_GAZ_BOAT_constr_1720,235,BOAT_FREIGHT_DIESEL,gaz_boat,constr,1720.0
1_Fret_GAZ_BOAT_constr_1730,236,BOAT_FREIGHT_DIESEL,gaz_boat,constr,1730.0
1_Fret_GAZ_BOAT_constr_1740,237,BOAT_FREIGHT_DIESEL,gaz_boat,constr,1740.0
1_Fret_GAZ_CAMION_constr_130,238,TRUCK_DIESEL,gaz_camion,constr,130.0
1_Fret_ELECTRIQUE_CAMION_constr_300,239,TRUCK_ELEC,electrique_camion,constr,300.0
1_Fret_FUEL_CELL_constr_240,240,TRUCK_FUEL_CELL,fuel_cell,constr,240.0
1_Fret_GAZ_BOAT_constr_1750,241,BOAT_FREIGHT_DIESEL,gaz_boat,constr,1750.0
1_Fret_GAZ_BOAT_constr_1760,242,BOAT_FREIGHT_DIESEL,gaz_boat,constr,1760.0
1_Fret_GAZ_BOAT_constr_1770,243,BOAT_FREIGHT_DIESEL,gaz_boat,constr,1770.0
1_Fret_GAZ_CAMION_constr_140,244,TRUCK_DIESEL,gaz_camion,constr,140.0
1_Fret_ELECTRIQUE_CAMION_constr_310,245,TRUCK_ELEC,electrique_camion,constr,310.0
1_Fret_FUEL_CELL_constr_250,246,TRUCK_FUEL_CELL,fuel_cell,constr,250.0
1_Fret_GAZ_BOAT_constr_1780,247,BOAT_FREIGHT_DIESEL,gaz_boat,constr,1780.0
1_Fret_GAZ_BOAT_constr_1790,248,BOAT_FREIGHT_DIESEL,gaz_boat,constr,1790.0
1_Fret_GAZ_BOAT_constr_1800,249,BOAT_FREIGHT_DIESEL,gaz_boat,constr,1800.0
1_Fret_GAZ_BOAT_constr_1810,250,BOAT_FREIGHT_DIESEL,gaz_boat,constr,1810.0
1_Fret_GAZ_CAMION_constr_150,251,TRUCK_DIESEL,gaz_camion,constr,150.0
1_Fret_ELECTRIQUE_CAMION_constr_320,252,TRUCK_ELEC,electrique_camion,constr,320.0
1_Fret_FUEL_CELL_constr_260,253,TRUCK_FUEL_CELL,fuel_cell,constr,260.0
1_Fret_GAZ_BOAT_constr_1820,254,BOAT_FREIGHT_DIESEL,gaz_boat,constr,1820.0
1_Fret_GAZ_BOAT_constr_1830,255,BOAT_FREIGHT_DIESEL,gaz_boat,constr,1830.0
1_Fret_GAZ_BOAT_constr_1840,256,BOAT_FREIGHT_DIESEL,gaz_boat,constr,1840.0
1_Fret_GAZ_CAMION_constr_160,257,TRUCK_DIESEL,gaz_camion,constr,160.0
1_Fret_ELECTRIQUE_CAMION_constr_330,258,TRUCK_ELEC,electrique_camion,constr,330.0
1_Fret_FUEL_CELL_constr_270,259,TRUCK_FUEL_CELL,fuel_cell,constr,270.0
1_Fret_GAZ_BOAT_constr_1850,260,BOAT_FREIGHT_DIESEL,gaz_boat,constr,1850.0
1_Fret_GAZ_BOAT_constr_1860,261,BOAT_FREIGHT_DIESEL,gaz_boat,constr,1860.0
1_Fret_GAZ_BOAT_constr_1870,262,BOAT_FREIGHT_DIESEL,gaz_boat,constr,1870.0
1_Fret_GAZ_CAMION_constr_170,263,TRUCK_DIESEL,gaz_camion,constr,170.0
1_Fret_ELECTRIQUE_CAMION_constr_340,264,TRUCK_ELEC,electrique_camion,constr,340.0
1_Fret_FUEL_CELL_constr_280,265,TRUCK_FUEL_CELL,fuel_cell,constr,280.0
1_Fret_GAZ_BOAT_constr_1880,266,BOAT_FREIGHT_DIESEL,gaz_boat,constr,1880.0
1_Fret_GAZ_BOAT_constr_1890,267,BOAT_FREIGHT_DIESEL,gaz_boat,constr,1890.0
1_Fret_GAZ_BOAT_constr_1900,268,BOAT_FREIGHT_DIESEL,gaz_boat,constr,1900.0
1_Fret_GAZ_BOAT_constr_1910,269,BOAT_FREIGHT_DIESEL,gaz_boat,constr,1910.0
1_Fret_GAZ_CAMION_constr_180,270,TRUCK_DIESEL,gaz_camion,constr,180.0
1_Fret_FUEL_CELL_constr_290,271,TRUCK_FUEL_CELL,fuel_cell,constr,290.0
1_Fret_ELECTRIQUE_CAMION_constr_350,272,TRUCK_ELEC,electrique_camion,constr,350.0
1_Fret_GAZ_BOAT_constr_1920,273,BOAT_FREIGHT_DIESEL,gaz_boat,constr,1920.0
1_Fret_GAZ_BOAT_constr_1930,274,BOAT_FREIGHT_DIESEL,gaz_boat,constr,1930.0
1_Fret_GAZ_BOAT_constr_1940,275,BOAT_FREIGHT_DIESEL,gaz_boat,constr,1940.0
1_Fret_GAZ_CAMION_constr_190,276,TRUCK_DIESEL,gaz_camion,constr,190.0
1_Fret_ELECTRIQUE_CAMION_constr_360,277,TRUCK_ELEC,electrique_camion,constr,360.0
1_Fret_FUEL_CELL_constr_300,278,TRUCK_FUEL_CELL,fuel_cell,constr,300.0
1_Fret_GAZ_BOAT_constr_1950,279,BOAT_FREIGHT_DIESEL,gaz_boat,constr,1950.0
1_Fret_GAZ_BOAT_constr_1960,280,BOAT_FREIGHT_DIESEL,gaz_boat,constr,1960.0
1_Fret_GAZ_BOAT_constr_1970,281,BOAT_FREIGHT_DIESEL,gaz_boat,constr,1970.0
1_Fret_GAZ_CAMION_constr_200,282,TRUCK_DIESEL,gaz_camion,constr,200.0
1_Fret_ELECTRIQUE_CAMION_constr_370,283,TRUCK_ELEC,electrique_camion,constr,370.0
1_Fret_FUEL_CELL_constr_310,284,TRUCK_FUEL_CELL,fuel_cell,constr,310.0
1_Fret_GAZ_BOAT_constr_1980,285,BOAT_FREIGHT_DIESEL,gaz_boat,constr,1980.0
1_Fret_GAZ_BOAT_constr_1990,286,BOAT_FREIGHT_DIESEL,gaz_boat,constr,1990.0
1_Fret_GAZ_BOAT_constr_2000,287,BOAT_FREIGHT_DIESEL,gaz_boat,constr,2000.0
1_Fret_GAZ_CAMION_constr_210,288,TRUCK_DIESEL,gaz_camion,constr,210.0
1_Fret_ELECTRIQUE_CAMION_constr_380,289,TRUCK_ELEC,electrique_camion,constr,380.0
1_Fret_FUEL_CELL_constr_320,290,TRUCK_FUEL_CELL,fuel_cell,constr,320.0
1_Fret_GAZ_BOAT_constr_2010,291,BOAT_FREIGHT_DIESEL,gaz_boat,constr,2010.0
1_Fret_GAZ_BOAT_constr_2020,292,BOAT_FREIGHT_DIESEL,gaz_boat,constr,2020.0
1_Fret_GAZ_BOAT_constr_2030,0,BOAT_FREIGHT_DIESEL,gaz_boat,constr,2030.0
1_Fret_GAZ_BOAT_constr_2040,1,BOAT_FREIGHT_DIESEL,gaz_boat,constr,2040.0
1_Fret_GAZ_CAMION_constr_220,2,TRUCK_DIESEL,gaz_camion,constr,220.0
1_Fret_ELECTRIQUE_CAMION_constr_390,3,TRUCK_ELEC,electrique_camion,constr,390.0
1_Fret_FUEL_CELL_constr_330,4,TRUCK_FUEL_CELL,fuel_cell,constr,330.0
1_Fret_GAZ_BOAT_constr_2050,5,BOAT_FREIGHT_DIESEL,gaz_boat,constr,2050.0
1_Fret_GAZ_BOAT_constr_2060,6,BOAT_FREIGHT_DIESEL,gaz_boat,constr,2060.0
1_Fret_GAZ_BOAT_constr_2070,7,BOAT_FREIGHT_DIESEL,gaz_boat,constr,2070.0
1_Fret_GAZ_CAMION_constr_230,8,TRUCK_DIESEL,gaz_camion,constr,230.0
1_Fret_ELECTRIQUE_CAMION_constr_400,9,TRUCK_ELEC,electrique_camion,constr,400.0
1_Fret_FUEL_CELL_constr_340,10,TRUCK_FUEL_CELL,fuel_cell,constr,340.0
1_Fret_GAZ_BOAT_constr_2080,11,BOAT_FREIGHT_DIESEL,gaz_boat,constr,2080.0
1_Fret_GAZ_BOAT_constr_2090,12,BOAT_FREIGHT_DIESEL,gaz_boat,constr,2090.0
1_Fret_GAZ_BOAT_constr_2100,13,BOAT_FREIGHT_DIESEL,gaz_boat,constr,2100.0
1_Fret_GAZ_CAMION_constr_240,14,TRUCK_DIESEL,gaz_camion,constr,240.0
1_Fret_ELECTRIQUE_CAMION_constr_410,15,TRUCK_ELEC,electrique_camion,constr,410.0
1_Fret_FUEL_CELL_constr_350,16,TRUCK_FUEL_CELL,fuel_cell,constr,350.0
1_Fret_GAZ_BOAT_constr_2110,17,BOAT_FREIGHT_DIESEL,gaz_boat,constr,2110.0
1_Fret_GAZ_BOAT_constr_2120,18,BOAT_FREIGHT_DIESEL,gaz_boat,constr,2120.0
1_Fret_GAZ_BOAT_constr_2130,19,BOAT_FREIGHT_DIESEL,gaz_boat,constr,2130.0
1_Fret_GAZ_BOAT_constr_2140,20,BOAT_FREIGHT_DIESEL,gaz_boat,constr,2140.0
1_Fret_GAZ_CAMION_constr_250,21,TRUCK_DIESEL,gaz_camion,constr,250.0
1_Fret_FUEL_CELL_constr_360,22,TRUCK_FUEL_CELL,fuel_cell,constr,360.0
1_Fret_ELECTRIQUE_CAMION_constr_420,23,TRUCK_ELEC,electrique_camion,constr,420.0
1_Fret_GAZ_BOAT_constr_2150,24,BOAT_FREIGHT_DIESEL,gaz_boat,constr,2150.0
1_Fret_GAZ_BOAT_constr_2160,25,BOAT_FREIGHT_DIESEL,gaz_boat,constr,2160.0
1_Fret_GAZ_BOAT_constr_2170,26,BOAT_FREIGHT_DIESEL,gaz_boat,constr,2170.0
1_Fret_GAZ_CAMION_constr_260,27,TRUCK_DIESEL,gaz_camion,constr,260.0
1_Fret_ELECTRIQUE_CAMION_constr_430,28,TRUCK_ELEC,electrique_camion,constr,430.0
1_Fret_FUEL_CELL_constr_370,29,TRUCK_FUEL_CELL,fuel_cell,constr,370.0
1_Fret_GAZ_BOAT_constr_2180,30,BOAT_FREIGHT_DIESEL,gaz_boat,constr,2180.0
1_Fret_GAZ_BOAT_constr_2190,31,BOAT_FREIGHT_DIESEL,gaz_boat,constr,2190.0
1_Fret_GAZ_BOAT_constr_2200,32,BOAT_FREIGHT_DIESEL,gaz_boat,constr,2200.0
1_Fret_GAZ_CAMION_constr_270,33,TRUCK_DIESEL,gaz_camion,constr,270.0
1_Fret_ELECTRIQUE_CAMION_constr_440,34,TRUCK_ELEC,electrique_camion,constr,440.0
1_Fret_FUEL_CELL_constr_380,35,TRUCK_FUEL_CELL,fuel_cell,constr,380.0
1_Fret_GAZ_BOAT_constr_2210,36,BOAT_FREIGHT_DIESEL,gaz_boat,constr,2210.0
1_Fret_GAZ_BOAT_constr_2220,37,BOAT_FREIGHT_DIESEL,gaz_boat,constr,2220.0
1_Fret_GAZ_BOAT_constr_2230,38,BOAT_FREIGHT_DIESEL,gaz_boat,constr,2230.0
1_Fret_GAZ_CAMION_constr_280,39,TRUCK_DIESEL,gaz_camion,constr,280.0
1_Fret_ELECTRIQUE_CAMION_constr_450,40,TRUCK_ELEC,electrique_camion,constr,450.0
1_Fret_FUEL_CELL_constr_390,41,TRUCK_FUEL_CELL,fuel_cell,constr,390.0
1_Fret_GAZ_BOAT_constr_2240,42,BOAT_FREIGHT_DIESEL,gaz_boat,constr,2240.0
1_Fret_GAZ_BOAT_constr_2250,43,BOAT_FREIGHT_DIESEL,gaz_boat,constr,2250.0
1_Fret_GAZ_BOAT_constr_2260,44,BOAT_FREIGHT_DIESEL,gaz_boat,constr,2260.0
1_Fret_GAZ_BOAT_constr_2270,45,BOAT_FREIGHT_DIESEL,gaz_boat,constr,2270.0
1_Fret_GAZ_CAMION_constr_290,46,TRUCK_DIESEL,gaz_camion,constr,290.0
1_Fret_ELECTRIQUE_CAMION_constr_460,47,TRUCK_ELEC,electrique_camion,constr,460.0
1_Fret_FUEL_CELL_constr_400,48,TRUCK_FUEL_CELL,fuel_cell,constr,400.0
1_Fret_GAZ_BOAT_constr_2280,49,BOAT_FREIGHT_DIESEL,gaz_boat,constr,2280.0
1_Fret_GAZ_BOAT_constr_2290,50,BOAT_FREIGHT_DIESEL,gaz_boat,constr,2290.0
1_Fret_GAZ_BOAT_constr_2300,51,BOAT_FREIGHT_DIESEL,gaz_boat,constr,2300.0
1_Fret_GAZ_CAMION_constr_300,52,TRUCK_DIESEL,gaz_camion,constr,300.0
1_Fret_ELECTRIQUE_CAMION_constr_470,53,TRUCK_ELEC,electrique_camion,constr,470.0
1_Fret_FUEL_CELL_constr_410,54,TRUCK_FUEL_CELL,fuel_cell,constr,410.0
1_Fret_GAZ_BOAT_constr_2310,55,BOAT_FREIGHT_DIESEL,gaz_boat,constr,2310.0
1_Fret_GAZ_BOAT_constr_2320,56,BOAT_FREIGHT_DIESEL,gaz_boat,constr,2320.0
1_Fret_GAZ_BOAT_constr_2330,57,BOAT_FREIGHT_DIESEL,gaz_boat,constr,2330.0
1_Fret_GAZ_CAMION_constr_310,58,TRUCK_DIESEL,gaz_camion,constr,310.0
1_Fret_ELECTRIQUE_CAMION_constr_480,59,TRUCK_ELEC,electrique_camion,constr,480.0
1_Fret_FUEL_CELL_constr_420,60,TRUCK_FUEL_CELL,fuel_cell,constr,420.0
1_Fret_GAZ_BOAT_constr_2340,61,BOAT_FREIGHT_DIESEL,gaz_boat,constr,2340.0
1_Fret_GAZ_BOAT_constr_2350,62,BOAT_FREIGHT_DIESEL,gaz_boat,constr,2350.0
1_Fret_GAZ_BOAT_constr_2360,63,BOAT_FREIGHT_DIESEL,gaz_boat,constr,2360.0
1_Fret_GAZ_BOAT_constr_2370,64,BOAT_FREIGHT_DIESEL,gaz_boat,constr,2370.0
1_Fret_GAZ_CAMION_constr_320,65,TRUCK_DIESEL,gaz_camion,constr,320.0
1_Fret_ELECTRIQUE_CAMION_constr_490,66,TRUCK_ELEC,electrique_camion,constr,490.0
1_Fret_FUEL_CELL_constr_430,67,TRUCK_FUEL_CELL,fuel_cell,constr,430.0
1_Fret_GAZ_BOAT_constr_2380,68,BOAT_FREIGHT_DIESEL,gaz_boat,constr,2380.0
1_Fret_GAZ_BOAT_constr_2390,69,BOAT_FREIGHT_DIESEL,gaz_boat,constr,2390.0
1_Fret_GAZ_BOAT_constr_2400,70,BOAT_FREIGHT_DIESEL,gaz_boat,constr,2400.0
1_Fret_GAZ_CAMION_constr_330,71,TRUCK_DIESEL,gaz_camion,constr,330.0
1_Fret_ELECTRIQUE_CAMION_constr_500,72,TRUCK_ELEC,electrique_camion,constr,500.0
1_Fret_FUEL_CELL_constr_440,73,TRUCK_FUEL_CELL,fuel_cell,constr,440.0
1_Fret_GAZ_BOAT_constr_2410,74,BOAT_FREIGHT_DIESEL,gaz_boat,constr,2410.0
1_Fret_GAZ_BOAT_constr_2420,75,BOAT_FREIGHT_DIESEL,gaz_boat,constr,2420.0
1_Fret_GAZ_BOAT_constr_2430,76,BOAT_FREIGHT_DIESEL,gaz_boat,constr,2430.0
1_Fret_GAZ_CAMION_constr_340,77,TRUCK_DIESEL,gaz_camion,constr,340.0
1_Fret_ELECTRIQUE_CAMION_constr_510,78,TRUCK_ELEC,electrique_camion,constr,510.0
1_Fret_FUEL_CELL_constr_450,79,TRUCK_FUEL_CELL,fuel_cell,constr,450.0
1_Fret_GAZ_BOAT_constr_2440,80,BOAT_FREIGHT_DIESEL,gaz_boat,constr,2440.0
1_Fret_GAZ_BOAT_constr_2450,81,BOAT_FREIGHT_DIESEL,gaz_boat,constr,2450.0
1_Fret_GAZ_BOAT_constr_2460,82,BOAT_FREIGHT_DIESEL,gaz_boat,constr,2460.0
1_Fret_GAZ_CAMION_constr_350,83,TRUCK_DIESEL,gaz_camion,constr,350.0
1_Fret_ELECTRIQUE_CAMION_constr_520,84,TRUCK_ELEC,electrique_camion,constr,520.0
1_Fret_FUEL_CELL_constr_460,85,TRUCK_FUEL_CELL,fuel_cell,constr,460.0
1_Fret_GAZ_BOAT_constr_2470,86,BOAT_FREIGHT_DIESEL,gaz_boat,constr,2470.0
1_Fret_GAZ_BOAT_constr_2480,87,BOAT_FREIGHT_DIESEL,gaz_boat,constr,2480.0
1_Fret_GAZ_BOAT_constr_2490,88,BOAT_FREIGHT_DIESEL,gaz_boat,constr,2490.0
1_Fret_GAZ_BOAT_constr_2500,89,BOAT_FREIGHT_DIESEL,gaz_boat,constr,2500.0
1_Fret_GAZ_CAMION_constr_360,90,TRUCK_DIESEL,gaz_camion,constr,360.0
1_Fret_ELECTRIQUE_CAMION_constr_530,91,TRUCK_ELEC,electrique_camion,constr,530.0
1_Fret_FUEL_CELL_constr_470,92,TRUCK_FUEL_CELL,fuel_cell,constr,470.0
1_Fret_GAZ_BOAT_constr_2510,93,BOAT_FREIGHT_DIESEL,gaz_boat,constr,2510.0
1_Fret_GAZ_BOAT_constr_2520,94,BOAT_FREIGHT_DIESEL,gaz_boat,constr,2520.0
1_Fret_GAZ_BOAT_constr_2530,95,BOAT_FREIGHT_DIESEL,gaz_boat,constr,2530.0
1_Fret_GAZ_CAMION_constr_370,96,TRUCK_DIESEL,gaz_camion,constr,370.0
1_Fret_ELECTRIQUE_CAMION_constr_540,97,TRUCK_ELEC,electrique_camion,constr,540.0
1_Fret_FUEL_CELL_constr_480,98,TRUCK_FUEL_CELL,fuel_cell,constr,480.0
1_Fret_GAZ_BOAT_constr_2540,99,BOAT_FREIGHT_DIESEL,gaz_boat,constr,2540.0
1_Fret_GAZ_BOAT_constr_2550,100,BOAT_FREIGHT_DIESEL,gaz_boat,constr,2550.0
1_Fret_GAZ_BOAT_constr_2560,101,BOAT_FREIGHT_DIESEL,gaz_boat,constr,2560.0
1_Fret_GAZ_CAMION_constr_380,102,TRUCK_DIESEL,gaz_camion,constr,380.0
1_Fret_ELECTRIQUE_CAMION_constr_550,103,TRUCK_ELEC,electrique_camion,constr,550.0
1_Fret_FUEL_CELL_constr_490,104,TRUCK_FUEL_CELL,fuel_cell,constr,490.0
1_Fret_GAZ_BOAT_constr_2570,105,BOAT_FREIGHT_DIESEL,gaz_boat,constr,2570.0
1_Fret_GAZ_BOAT_constr_2580,106,BOAT_FREIGHT_DIESEL,gaz_boat,constr,2580.0
1_Fret_GAZ_BOAT_constr_2590,107,BOAT_FREIGHT_DIESEL,gaz_boat,constr,2590.0
1_Fret_GAZ_BOAT_constr_2600,108,BOAT_FREIGHT_DIESEL,gaz_boat,constr,2600.0
1_Fret_GAZ_CAMION_constr_390,109,TRUCK_DIESEL,gaz_camion,constr,390.0
1_Fret_ELECTRIQUE_CAMION_constr_560,110,TRUCK_ELEC,electrique_camion,constr,560.0
1_Fret_FUEL_CELL_constr_500,111,TRUCK_FUEL_CELL,fuel_cell,constr,500.0
1_Fret_GAZ_BOAT_constr_2610,112,BOAT_FREIGHT_DIESEL,gaz_boat,constr,2610.0
1_Fret_GAZ_BOAT_constr_2620,113,BOAT_FREIGHT_DIESEL,gaz_boat,constr,2620.0
1_Fret_GAZ_BOAT_constr_2630,114,BOAT_FREIGHT_DIESEL,gaz_boat,constr,2630.0
1_Fret_GAZ_CAMION_constr_400,115,TRUCK_DIESEL,gaz_camion,constr,400.0
1_Fret_ELECTRIQUE_CAMION_constr_570,116,TRUCK_ELEC,electrique_camion,constr,570.0
1_Fret_FUEL_CELL_constr_510,117,TRUCK_FUEL_CELL,fuel_cell,constr,510.0
1_Fret_GAZ_BOAT_constr_2640,118,BOAT_FREIGHT_DIESEL,gaz_boat,constr,2640.0
1_Fret_GAZ_BOAT_constr_2650,119,BOAT_FREIGHT_DIESEL,gaz_boat,constr,2650.0
1_Fret_GAZ_BOAT_constr_2660,120,BOAT_FREIGHT_DIESEL,gaz_boat,constr,2660.0
1_Fret_GAZ_CAMION_constr_410,121,TRUCK_DIESEL,gaz_camion,constr,410.0
1_Fret_ELECTRIQUE_CAMION_constr_580,122,TRUCK_ELEC,electrique_camion,constr,580.0
1_Fret_FUEL_CELL_constr_520,123,TRUCK_FUEL_CELL,fuel_cell,constr,520.0
1_Fret_GAZ_BOAT_constr_2670,124,BOAT_FREIGHT_DIESEL,gaz_boat,constr,2670.0
1_Fret_GAZ_BOAT_constr_2680,125,BOAT_FREIGHT_DIESEL,gaz_boat,constr,2680.0
1_Fret_GAZ_BOAT_constr_2690,126,BOAT_FREIGHT_DIESEL,gaz_boat,constr,2690.0
1_Fret_GAZ_CAMION_constr_420,127,TRUCK_DIESEL,gaz_camion,constr,420.0
1_Fret_ELECTRIQUE_CAMION_constr_590,128,TRUCK_ELEC,electrique_camion,constr,590.0
1_Fret_FUEL_CELL_constr_530,129,TRUCK_FUEL_CELL,fuel_cell,constr,530.0
1_Fret_GAZ_BOAT_constr_2700,130,BOAT_FREIGHT_DIESEL,gaz_boat,constr,2700.0
1_Fret_GAZ_BOAT_constr_2710,131,BOAT_FREIGHT_DIESEL,gaz_boat,constr,2710.0
1_Fret_GAZ_BOAT_constr_2720,132,BOAT_FREIGHT_DIESEL,gaz_boat,constr,2720.0
1_Fret_GAZ_BOAT_constr_2730,133,BOAT_FREIGHT_DIESEL,gaz_boat,constr,2730.0
1_Fret_GAZ_CAMION_constr_430,134,TRUCK_DIESEL,gaz_camion,constr,430.0
1_Fret_ELECTRIQUE_CAMION_constr_600,135,TRUCK_ELEC,electrique_camion,constr,600.0
1_Fret_FUEL_CELL_constr_540,136,TRUCK_FUEL_CELL,fuel_cell,constr,540.0
1_Fret_GAZ_BOAT_constr_2740,137,BOAT_FREIGHT_DIESEL,gaz_boat,constr,2740.0
1_Fret_GAZ_BOAT_constr_2750,138,BOAT_FREIGHT_DIESEL,gaz_boat,constr,2750.0
1_Fret_GAZ_BOAT_constr_2760,139,BOAT_FREIGHT_DIESEL,gaz_boat,constr,2760.0
1_Fret_GAZ_CAMION_constr_440,140,TRUCK_DIESEL,gaz_camion,constr,440.0
1_Fret_ELECTRIQUE_CAMION_constr_610,141,TRUCK_ELEC,electrique_camion,constr,610.0
1_Fret_FUEL_CELL_constr_550,142,TRUCK_FUEL_CELL,fuel_cell,constr,550.0
1_Fret_GAZ_BOAT_constr_2770,143,BOAT_FREIGHT_DIESEL,gaz_boat,constr,2770.0
1_Fret_GAZ_BOAT_constr_2780,144,BOAT_FREIGHT_DIESEL,gaz_boat,constr,2780.0
1_Fret_GAZ_BOAT_constr_2790,145,BOAT_FREIGHT_DIESEL,gaz_boat,constr,2790.0
1_Fret_GAZ_CAMION_constr_450,146,TRUCK_DIESEL,gaz_camion,constr,450.0
1_Fret_ELECTRIQUE_CAMION_constr_620,147,TRUCK_ELEC,electrique_camion,constr,620.0
1_Fret_FUEL_CELL_constr_560,148,TRUCK_FUEL_CELL,fuel_cell,constr,560.0
1_Fret_GAZ_BOAT_constr_2800,149,BOAT_FREIGHT_DIESEL,gaz_boat,constr,2800.0
1_Fret_GAZ_BOAT_constr_2810,150,BOAT_FREIGHT_DIESEL,gaz_boat,constr,2810.0
1_Fret_GAZ_BOAT_constr_2820,151,BOAT_FREIGHT_DIESEL,gaz_boat,constr,2820.0
1_Fret_GAZ_BOAT_constr_2830,152,BOAT_FREIGHT_DIESEL,gaz_boat,constr,2830.0
1_Fret_GAZ_CAMION_constr_460,153,TRUCK_DIESEL,gaz_camion,constr,460.0
1_Fret_ELECTRIQUE_CAMION_constr_630,154,TRUCK_ELEC,electrique_camion,constr,630.0
1_Fret_FUEL_CELL_constr_570,155,TRUCK_FUEL_CELL,fuel_cell,constr,570.0
1_Fret_GAZ_BOAT_constr_2840,156,BOAT_FREIGHT_DIESEL,gaz_boat,constr,2840.0
1_Fret_GAZ_BOAT_constr_2850,157,BOAT_FREIGHT_DIESEL,gaz_boat,constr,2850.0
1_Fret_GAZ_BOAT_constr_2860,158,BOAT_FREIGHT_DIESEL,gaz_boat,constr,2860.0
1_Fret_GAZ_CAMION_constr_470,159,TRUCK_DIESEL,gaz_camion,constr,470.0
1_Fret_ELECTRIQUE_CAMION_constr_640,160,TRUCK_ELEC,electrique_camion,constr,640.0
1_Fret_FUEL_CELL_constr_580,161,TRUCK_FUEL_CELL,fuel_cell,constr,580.0
1_Fret_GAZ_BOAT_constr_2870,162,BOAT_FREIGHT_DIESEL,gaz_boat,constr,2870.0
1_Fret_GAZ_BOAT_constr_2880,0,BOAT_FREIGHT_DIESEL,gaz_boat,constr,2880.0
Stockage_SEASON_constr_6,0,TS_DHN_SEASONAL,Season,constr,5.884
Stockage_CO2_STO_constr_5,1,CO2_STORAGE,CO2_sto,constr,5.005
Stockage_HIGH_TEMP_constr_11,2,TS_HIGH_TEMP,High_temp,constr,10.89
Stockage_HIGH_TEMP_constr_16,3,TS_HIGH_TEMP,High_temp,constr,15.89
Stockage_HIGH_TEMP_constr_21,4,TS_HIGH_TEMP,High_temp,constr,20.89
Stockage_HIGH_TEMP_constr_26,5,TS_HIGH_TEMP,High_temp,constr,25.89
Stockage_HIGH_TEMP_constr_31,6,TS_HIGH_TEMP,High_temp,constr,30.89
Stockage_HIGH_TEMP_constr_36,7,TS_HIGH_TEMP,High_temp,constr,35.89
Stockage_HIGH_TEMP_constr_41,8,TS_HIGH_TEMP,High_temp,constr,40.89
Stockage_HIGH_TEMP_constr_46,9,TS_HIGH_TEMP,High_temp,constr,45.89
Stockage_HIGH_TEMP_constr_51,10,TS_HIGH_TEMP,High_temp,constr,50.89
Stockage_HIGH_TEMP_constr_56,11,TS_HIGH_TEMP,High_temp,constr,55.89
Stockage_ELECTRIQUE_constr_66,12,BATT_LI,electrique,constr,66.3
Stockage_THERMIQUE_constr_11,13,TS_DEC_HP_ELEC,thermique,constr,10.62
Stockage_ELECTRIQUE_constr_71,14,BATT_LI,electrique,constr,71.3
Stockage_HIGH_TEMP_constr_61,15,TS_HIGH_TEMP,High_temp,constr,60.89
Stockage_ELECTRIQUE_constr_76,16,BATT_LI,electrique,constr,76.3
Stockage_FUEL_STO_constr_5,17,METHANOL_STORAGE,fuel_sto,constr,5.0057
Stockage_THERMIQUE_constr_16,18,TS_DEC_HP_ELEC,thermique,constr,15.62
Stockage_THERMIQUE_constr_21,19,TS_DEC_HP_ELEC,thermique,constr,20.62
Stockage_THERMIQUE_constr_26,20,TS_DEC_HP_ELEC,thermique,constr,25.62
Stockage_HIGH_TEMP_constr_66,21,TS_HIGH_TEMP,High_temp,constr,65.89
Stockage_ELECTRIQUE_constr_81,22,BATT_LI,electrique,constr,81.3
Stockage_THERMIQUE_constr_31,23,TS_DEC_HP_ELEC,thermique,constr,30.62
Stockage_HIGH_TEMP_constr_71,24,TS_HIGH_TEMP,High_temp,constr,70.89
Stockage_ELECTRIQUE_constr_86,25,BATT_LI,electrique,constr,86.3
Stockage_HIGH_TEMP_constr_76,26,TS_HIGH_TEMP,High_temp,constr,75.89
Stockage_ELECTRIQUE_constr_91,27,BATT_LI,electrique,constr,91.3
Stockage_ELECTRIQUE_constr_96,28,BATT_LI,electrique,constr,96.3
Stockage_ELECTRIQUE_constr_101,29,BATT_LI,electrique,constr,101.3
Stockage_THERMIQUE_constr_36,30,TS_DEC_HP_ELEC,thermique,constr,35.62
Stockage_THERMIQUE_constr_41,31,TS_DEC_HP_ELEC,thermique,constr,40.62
Stockage_THERMIQUE_constr_46,32,TS_DEC_HP_ELEC,thermique,constr,45.62
Stockage_HIGH_TEMP_constr_81,33,TS_HIGH_TEMP,High_temp,constr,80.89
Stockage_ELECTRIQUE_constr_106,34,BATT_LI,electrique,constr,106.3
Stockage_THERMIQUE_constr_51,35,TS_DEC_HP_ELEC,thermique,constr,50.62
Stockage_ELECTRIQUE_constr_111,36,BATT_LI,electrique,constr,111.3
Stockage_ELECTRIQUE_constr_116,37,BATT_LI,electrique,constr,116.3
Stockage_SEASON_constr_11,38,TS_DHN_SEASONAL,Season,constr,10.884
Stockage_THERMIQUE_constr_56,39,TS_DEC_HP_ELEC,thermique,constr,55.62
Stockage_ELECTRIQUE_constr_121,40,BATT_LI,electrique,constr,121.3
Stockage_THERMIQUE_constr_61,41,TS_DEC_HP_ELEC,thermique,constr,60.62
Stockage_ELECTRIQUE_constr_126,42,BATT_LI,electrique,constr,126.3
Stockage_H2_STO_constr_15,43,H2_STORAGE,H2_sto,constr,14.9
Stockage_HIGH_TEMP_constr_86,44,TS_HIGH_TEMP,High_temp,constr,85.89
Stockage_H2_STO_constr_20,45,H2_STORAGE,H2_sto,constr,19.9
Stockage_HIGH_TEMP_constr_91,46,TS_HIGH_TEMP,High_temp,constr,90.89
Stockage_H2_STO_constr_25,47,H2_STORAGE,H2_sto,constr,24.9
Stockage_THERMIQUE_constr_66,48,TS_DEC_HP_ELEC,thermique,constr,65.62
Stockage_ELECTRIQUE_constr_131,49,BATT_LI,electrique,constr,131.3
Stockage_THERMIQUE_constr_71,50,TS_DEC_HP_ELEC,thermique,constr,70.62
Stockage_HIGH_TEMP_constr_96,51,TS_HIGH_TEMP,High_temp,constr,95.89
Stockage_ELECTRIQUE_constr_136,52,BATT_LI,electrique,constr,136.3
Stockage_H2_STO_constr_30,53,H2_STORAGE,H2_sto,constr,29.9
Stockage_THERMIQUE_constr_76,54,TS_DEC_HP_ELEC,thermique,constr,75.62
Stockage_HIGH_TEMP_constr_101,55,TS_HIGH_TEMP,High_temp,constr,100.89
Stockage_THERMIQUE_constr_81,56,TS_DEC_HP_ELEC,thermique,constr,80.62
Stockage_H2_STO_constr_35,57,H2_STORAGE,H2_sto,constr,34.9
Stockage_HIGH_TEMP_constr_106,58,TS_HIGH_TEMP,High_temp,constr,105.89
Stockage_THERMIQUE_constr_86,59,TS_DEC_HP_ELEC,thermique,constr,85.62
Stockage_ELECTRIQUE_constr_141,60,BATT_LI,electrique,constr,141.3
Stockage_H2_STO_constr_40,61,H2_STORAGE,H2_sto,constr,39.9
Stockage_HIGH_TEMP_constr_111,62,TS_HIGH_TEMP,High_temp,constr,110.89
Stockage_THERMIQUE_constr_91,63,TS_DEC_HP_ELEC,thermique,constr,90.62
Stockage_H2_STO_constr_45,64,H2_STORAGE,H2_sto,constr,44.9
Stockage_HIGH_TEMP_constr_116,65,TS_HIGH_TEMP,High_temp,constr,115.89
Stockage_ELECTRIQUE_constr_146,66,BATT_LI,electrique,constr,146.3
Stockage_H2_STO_constr_50,67,H2_STORAGE,H2_sto,constr,49.9
Stockage_HIGH_TEMP_constr_121,68,TS_HIGH_TEMP,High_temp,constr,120.89
Stockage_THERMIQUE_constr_96,69,TS_DEC_HP_ELEC,thermique,constr,95.62
Stockage_H2_STO_constr_55,70,H2_STORAGE,H2_sto,constr,54.9
Stockage_HIGH_TEMP_constr_126,71,TS_HIGH_TEMP,High_temp,constr,125.89
Stockage_ELECTRIQUE_constr_151,72,BATT_LI,electrique,constr,151.3
Stockage_H2_STO_constr_60,73,H2_STORAGE,H2_sto,constr,59.9
Stockage_HIGH_TEMP_constr_131,74,TS_HIGH_TEMP,High_temp,constr,130.89
Stockage_THERMIQUE_constr_101,75,TS_DEC_HP_ELEC,thermique,constr,100.62
Stockage_THERMIQUE_constr_106,76,TS_DEC_HP_ELEC,thermique,constr,105.62
Stockage_H2_STO_constr_65,77,H2_STORAGE,H2_sto,constr,64.9
Stockage_HIGH_TEMP_constr_136,78,TS_HIGH_TEMP,High_temp,constr,135.89
Stockage_ELECTRIQUE_constr_156,79,BATT_LI,electrique,constr,156.3
Stockage_THERMIQUE_constr_111,80,TS_DEC_HP_ELEC,thermique,constr,110.62
Stockage_H2_STO_constr_70,81,H2_STORAGE,H2_sto,constr,69.9
Stockage_THERMIQUE_constr_116,82,TS_DEC_HP_ELEC,thermique,constr,115.62
Stockage_HIGH_TEMP_constr_141,83,TS_HIGH_TEMP,High_temp,constr,140.89
Stockage_H2_STO_constr_75,84,H2_STORAGE,H2_sto,constr,74.9
Stockage_ELECTRIQUE_constr_161,85,BATT_LI,electrique,constr,161.3
Stockage_THERMIQUE_constr_121,86,TS_DEC_HP_ELEC,thermique,constr,120.62
Stockage_HIGH_TEMP_constr_146,87,TS_HIGH_TEMP,High_temp,constr,145.89
Stockage_H2_STO_constr_80,88,H2_STORAGE,H2_sto,constr,79.9
Stockage_THERMIQUE_constr_126,89,TS_DEC_HP_ELEC,thermique,constr,125.62
Stockage_H2_STO_constr_85,90,H2_STORAGE,H2_sto,constr,84.9
Stockage_HIGH_TEMP_constr_151,91,TS_HIGH_TEMP,High_temp,constr,150.89
Stockage_ELECTRIQUE_constr_166,92,BATT_LI,electrique,constr,166.3
Stockage_THERMIQUE_constr_131,93,TS_DEC_HP_ELEC,thermique,constr,130.62
Stockage_H2_STO_constr_90,94,H2_STORAGE,H2_sto,constr,89.9
Stockage_HIGH_TEMP_constr_156,95,TS_HIGH_TEMP,High_temp,constr,155.89
Stockage_CO2_STO_constr_10,96,CO2_STORAGE,CO2_sto,constr,10.005
Stockage_THERMIQUE_constr_136,97,TS_DEC_HP_ELEC,thermique,constr,135.62
Stockage_H2_STO_constr_95,98,H2_STORAGE,H2_sto,constr,94.9
Stockage_HIGH_TEMP_constr_161,99,TS_HIGH_TEMP,High_temp,constr,160.89
Stockage_THERMIQUE_constr_141,100,TS_DEC_HP_ELEC,thermique,constr,140.62
Stockage_ELECTRIQUE_constr_171,101,BATT_LI,electrique,constr,171.3
Stockage_H2_STO_constr_100,102,H2_STORAGE,H2_sto,constr,99.9
Stockage_HIGH_TEMP_constr_166,103,TS_HIGH_TEMP,High_temp,constr,165.89
Stockage_H2_STO_constr_105,104,H2_STORAGE,H2_sto,constr,104.9
Stockage_THERMIQUE_constr_146,105,TS_DEC_HP_ELEC,thermique,constr,145.62
Stockage_THERMIQUE_constr_151,106,TS_DEC_HP_ELEC,thermique,constr,150.62
Stockage_ELECTRIQUE_constr_176,107,BATT_LI,electrique,constr,176.3
Stockage_HIGH_TEMP_constr_171,108,TS_HIGH_TEMP,High_temp,constr,170.89
Stockage_CO2_STO_constr_15,109,CO2_STORAGE,CO2_sto,constr,15.005
Stockage_PHS_constr_13,110,PHS,PHS,constr,13.33
Stockage_PHS_constr_18,111,PHS,PHS,constr,18.33
Stockage_PHS_constr_23,112,PHS,PHS,constr,23.33
Stockage_PHS_constr_28,113,PHS,PHS,constr,28.33
Stockage_PHS_constr_33,114,PHS,PHS,constr,33.33
Stockage_PHS_constr_38,115,PHS,PHS,constr,38.33
Stockage_PHS_constr_43,116,PHS,PHS,constr,43.33
Stockage_PHS_constr_48,117,PHS,PHS,constr,48.33
Stockage_PHS_constr_53,118,PHS,PHS,constr,53.33
Stockage_PHS_constr_58,119,PHS,PHS,constr,58.33
Stockage_PHS_constr_63,120,PHS,PHS,constr,63.33
Stockage_PHS_constr_68,121,PHS,PHS,constr,68.33
Stockage_PHS_constr_73,122,PHS,PHS,constr,73.33
Stockage_PHS_constr_78,123,PHS,PHS,constr,78.33
Stockage_PHS_constr_83,124,PHS,PHS,constr,83.33
Stockage_PHS_constr_88,125,PHS,PHS,constr,88.33
Stockage_PHS_constr_93,126,PHS,PHS,constr,93.33
Stockage_PHS_constr_98,127,PHS,PHS,constr,98.33
Stockage_PHS_constr_103,128,PHS,PHS,constr,103.33
Stockage_PHS_constr_108,129,PHS,PHS,constr,108.33
Stockage_PHS_constr_113,130,PHS,PHS,constr,113.33
Stockage_PHS_constr_118,131,PHS,PHS,constr,118.33
Stockage_PHS_constr_123,132,PHS,PHS,constr,123.33
Stockage_PHS_constr_128,133,PHS,PHS,constr,128.33
Stockage_PHS_constr_133,134,PHS,PHS,constr,133.33
Stockage_PHS_constr_138,135,PHS,PHS,constr,138.33
Stockage_PHS_constr_143,136,PHS,PHS,constr,143.33
Stockage_PHS_constr_148,137,PHS,PHS,constr,148.33
Stockage_PHS_constr_153,138,PHS,PHS,constr,153.33
Stockage_PHS_constr_158,139,PHS,PHS,constr,158.33
Stockage_PHS_constr_163,140,PHS,PHS,constr,163.33
Stockage_PHS_constr_168,141,PHS,PHS,constr,168.33
Stockage_PHS_constr_173,142,PHS,PHS,constr,173.33
Stockage_PHS_constr_178,143,PHS,PHS,constr,178.33
Stockage_PHS_constr_183,144,PHS,PHS,constr,183.33
Stockage_PHS_constr_188,145,PHS,PHS,constr,188.33
Stockage_PHS_constr_193,146,PHS,PHS,constr,193.33
Stockage_PHS_constr_198,147,PHS,PHS,constr,198.33
Stockage_PHS_constr_203,148,PHS,PHS,constr,203.33
Stockage_PHS_constr_208,149,PHS,PHS,constr,208.33
Stockage_PHS_constr_213,150,PHS,PHS,constr,213.33
Stockage_PHS_constr_218,151,PHS,PHS,constr,218.33
Stockage_PHS_constr_223,152,PHS,PHS,constr,223.33
Stockage_PHS_constr_228,153,PHS,PHS,constr,228.33
Stockage_PHS_constr_233,154,PHS,PHS,constr,233.33
Stockage_PHS_constr_238,155,PHS,PHS,constr,238.33
Stockage_PHS_constr_243,156,PHS,PHS,constr,243.33
Stockage_PHS_constr_248,157,PHS,PHS,constr,248.33
Stockage_PHS_constr_253,158,PHS,PHS,constr,253.33
Stockage_PHS_constr_258,159,PHS,PHS,constr,258.33
Stockage_PHS_constr_263,160,PHS,PHS,constr,263.33
Stockage_PHS_constr_268,161,PHS,PHS,constr,268.33
Stockage_PHS_constr_273,162,PHS,PHS,constr,273.33
Stockage_PHS_constr_278,163,PHS,PHS,constr,278.33
Stockage_PHS_constr_283,164,PHS,PHS,constr,283.33
Stockage_PHS_constr_288,165,PHS,PHS,constr,288.33
Stockage_PHS_constr_293,166,PHS,PHS,constr,293.33
Stockage_PHS_constr_298,167,PHS,PHS,constr,298.33
Stockage_PHS_constr_303,168,PHS,PHS,constr,303.33
Stockage_PHS_constr_308,169,PHS,PHS,constr,308.33
Stockage_PHS_constr_313,170,PHS,PHS,constr,313.33
Stockage_PHS_constr_318,171,PHS,PHS,constr,318.33
Stockage_PHS_constr_323,172,PHS,PHS,constr,323.33
Stockage_PHS_constr_328,173,PHS,PHS,constr,328.33
Stockage_PHS_constr_333,174,PHS,PHS,constr,333.33
Stockage_PHS_constr_338,175,PHS,PHS,constr,338.33
Stockage_PHS_constr_343,176,PHS,PHS,constr,343.33
Stockage_PHS_constr_348,177,PHS,PHS,constr,348.33
Stockage_PHS_constr_353,178,PHS,PHS,constr,353.33
Stockage_PHS_constr_358,179,PHS,PHS,constr,358.33
Stockage_PHS_constr_363,180,PHS,PHS,constr,363.33
Stockage_PHS_constr_368,181,PHS,PHS,constr,368.33
Stockage_PHS_constr_373,182,PHS,PHS,constr,373.33
Stockage_PHS_constr_378,183,PHS,PHS,constr,378.33
Stockage_PHS_constr_383,184,PHS,PHS,constr,383.33
Stockage_PHS_constr_388,185,PHS,PHS,constr,388.33
Stockage_PHS_constr_393,186,PHS,PHS,constr,393.33
Stockage_PHS_constr_398,187,PHS,PHS,constr,398.33
Stockage_PHS_constr_403,188,PHS,PHS,constr,403.33
Stockage_PHS_constr_408,189,PHS,PHS,constr,408.33
Stockage_PHS_constr_413,190,PHS,PHS,constr,413.33
Stockage_PHS_constr_418,191,PHS,PHS,constr,418.33
Stockage_ELECTRIQUE_constr_181,192,BATT_LI,electrique,constr,181.3
Stockage_HIGH_TEMP_constr_176,193,TS_HIGH_TEMP,High_temp,constr,175.89
Stockage_PHS_constr_423,194,PHS,PHS,constr,423.33
Stockage_PHS_constr_428,195,PHS,PHS,constr,428.33
Stockage_H2_STO_constr_110,196,H2_STORAGE,H2_sto,constr,109.9
Stockage_THERMIQUE_constr_156,197,TS_DEC_HP_ELEC,thermique,constr,155.62
Stockage_HIGH_TEMP_constr_181,198,TS_HIGH_TEMP,High_temp,constr,180.89
Stockage_CO2_STO_constr_20,199,CO2_STORAGE,CO2_sto,constr,20.005
Stockage_CO2_STO_constr_25,200,CO2_STORAGE,CO2_sto,constr,25.005
Stockage_CO2_STO_constr_30,201,CO2_STORAGE,CO2_sto,constr,30.005
Stockage_CO2_STO_constr_35,202,CO2_STORAGE,CO2_sto,constr,35.005
Stockage_ELECTRIQUE_constr_186,203,BATT_LI,electrique,constr,186.3
Stockage_PHS_constr_433,204,PHS,PHS,constr,433.33
Stockage_PHS_constr_438,205,PHS,PHS,constr,438.33
Stockage_HIGH_TEMP_constr_186,206,TS_HIGH_TEMP,High_temp,constr,185.89
Stockage_PHS_constr_443,207,PHS,PHS,constr,443.33
Stockage_CO2_STO_constr_40,208,CO2_STORAGE,CO2_sto,constr,40.005
Stockage_CO2_STO_constr_45,209,CO2_STORAGE,CO2_sto,constr,45.005
Stockage_CO2_STO_constr_50,210,CO2_STORAGE,CO2_sto,constr,50.005
Stockage_PHS_constr_448,211,PHS,PHS,constr,448.33
Stockage_PHS_constr_453,212,PHS,PHS,constr,453.33
Stockage_PHS_constr_458,213,PHS,PHS,constr,458.33
Stockage_PHS_constr_463,214,PHS,PHS,constr,463.33
Stockage_PHS_constr_468,215,PHS,PHS,constr,468.33
Stockage_PHS_constr_473,216,PHS,PHS,constr,473.33
Stockage_PHS_constr_478,217,PHS,PHS,constr,478.33
Stockage_PHS_constr_483,218,PHS,PHS,constr,483.33
Stockage_PHS_constr_488,219,PHS,PHS,constr,488.33
Stockage_PHS_constr_493,220,PHS,PHS,constr,493.33
Stockage_PHS_constr_498,221,PHS,PHS,constr,498.33
Stockage_PHS_constr_503,222,PHS,PHS,constr,503.33
